Insert-Atom,Pt-Fold,Melting-point1,Melting-point2,Melting-point-Average,Density1,Density2,Density-Average,Ionization-energy1,Ionization-energy2,Ionization-energy-Average,Atomic-mass1,Atomic-mass2,Atomic-mass-Average,ID-Average,ID-1,ID-2,Radius-1,Radius-2,Radius-Average,Electronegativity-1,Electronegativity-2,Electronegativity-ave,Energy-slab,Force-1,Force-2,magnetization-1,magnetization-2,Distance,E-fermi,Formation-Energy,Work-function,p-center,d-center,mag,Bader-1,Bader-2,*O,*OH,delta G
Sc-Ti,1,1541,1668,1604.5,2.99,4.51,3.75,6.5,6.8,6.65,44.9,47.9,46.4,21.5,21,22,1.62,1.47,1.545,1.36,1.54,1.45,-195.85765,0.038707,0.0541933,-0.056,0.088,2.739413561,3.5789,-17.7617503,5.358,0.217,-2.357,13.7758,-0.21049,-0.809957,-4.6682376,-2.8772842,1.1461293
Sc-V,1,1541,1910,1725.5,2.99,6.11,4.55,6.5,6.7,6.6,44.9,50.9,47.9,22,21,23,1.62,1.34,1.48,1.36,1.63,1.495,-196.37308,0.0474163,0.0570473,0.052,0.076,2.73941283,3.5572,-17.3854334,5.359,1.41,-2.212,15.1795,-0.336005,-0.059053,-3.8185476,-2.3943742,0.7823723
Sc-Cr,1,1541,1970,1755.5,2.99,7.14,5.065,6.5,7.4,6.95,44.9,52,48.45,22.5,21,24,1.62,1.28,1.45,1.36,1.66,1.51,-195.84256,0.042748,0.015268,0.029,0.104,2.739270452,3.5053,-14.8288864,5.358,0.272,-2.338,14.8084,-0.3702,0.077698,-3.8094276,-2.6653242,0.4931543
Sc-Mn,1,1541,1246,1393.5,2.99,7.47,5.23,6.5,7.9,7.2,44.9,54.9,49.9,23,21,25,1.62,1.27,1.445,1.36,1.55,1.455,-195.72364,0.045525,0.0254947,-0.049,0.233,2.739600791,3.4921,-15.0022514,5.353,1.52,-2.106,18.7501,-0.385765,0.134615,-4.4059676,-1.4030442,2.3352363
Sc-Fe,1,1541,1538,1539.5,2.99,7.87,5.43,6.5,7.8,7.15,44.9,55.8,50.35,23.5,21,26,1.62,1.26,1.44,1.36,1.83,1.595,-194.42699,0.0330657,0.028268,-0.104,0.232,2.740233622,3.4113,-15.5560711,5.357,0.565,-2.238,15.1865,-0.398879,0.261681,-4.7186376,-2.2841042,1.7832113
Sc-Ni,1,1541,1455,1498,2.99,8.91,5.95,6.5,7.6,7.05,44.9,58.7,51.8,24.5,21,28,1.62,1.24,1.43,1.36,1.91,1.635,-191.71581,0.0526917,0.0186273,-0.036,0.22,2.742990382,3.4124,-15.40052993,5.408,0.604,-2.172,12.6761,-0.445067,0.506961,-4.5679676,-2.7663342,1.1466023
Sc-Cu,1,1541,1085,1313,2.99,8.92,5.955,6.5,7.7,7.1,44.9,63.5,54.2,25,21,29,1.62,1.28,1.45,1.36,1.9,1.63,-190.72518,0.047958,0.0100917,-0.019,0.14,2.741324247,3.4236,-14.89793229,5.395,0.589,-2.167,14.6284,-0.451637,0.500663,-3.3586076,-2.2320542,0.3656831
Sc-Zn,1,1541,419.5,980.25,2.99,7.14,5.065,6.5,9.3,7.9,44.9,65.4,55.15,25.5,21,30,1.62,1.34,1.48,1.36,1.65,1.505,-188.04896,0.0354233,0.019883,-0.018,0.118,2.74109136,3.3585,-12.45622782,5.43,0.488,-2.226,11.9561,-0.421566,0.301433,-4.3325476,-3.3123542,0.6958671
Sc-Ru,1,1541,2334,1937.5,2.99,12.37,7.68,6.5,7.3,6.9,44.9,101,72.95,32.5,21,44,1.62,1.34,1.48,1.36,2.2,1.78,-194.85745,0.0418763,0.016225,-0.02,0.106,2.740353715,3.571,-17.194777,5.363,1.322,-2.152,14.3668,-0.34023,-0.030789,-4.3062476,-2.8773042,0.7677103
Sc-Rh,1,1541,1964,1752.5,2.99,12.45,7.72,6.5,7.4,6.95,44.9,102.9,73.9,33,21,45,1.62,1.34,1.48,1.36,2.28,1.82,-193.87217,0.048773,0.0108133,-0.024,0.162,2.741631004,3.5066,-17.0336243,5.435,1.649,-2.031,12.2992,-0.376268,0.119645,-3.8141576,-2.3468442,0.7951463
Sc-Pd,1,1541,1555,1548,2.99,12.02,7.505,6.5,8.3,7.4,44.9,106.4,75.65,33.5,21,46,1.62,1.37,1.495,1.36,2.2,1.78,-192.03822,0.0482293,0.0093597,-0.02,0.191,2.74232945,3.5143,-14.9856954,5.488,0.692,-2.134,9.3114,-0.41394,0.21572,-3.7736176,-1.8688942,1.2346883
Sc-Os,1,1541,3033,2287,2.99,22.61,12.8,6.5,8.4,7.45,44.9,190.2,117.55,48.5,21,76,1.62,1.35,1.485,1.36,2.2,1.78,-197.14163,0.038393,-0.0674727,-0.008,0.007,2.740007745,3.5042,-18.6347454,5.364,0.492,-2.303,8.6744,-0.292403,-0.280847,-4.2204976,-2.9800542,0.6222883
Sc-Ir,1,1541,2466,2003.5,2.99,22.65,12.82,6.5,8.9,7.7,44.9,192.2,118.55,49,21,77,1.62,1.36,1.49,1.36,2.2,1.78,-194.79203,0.038371,0.02173,-0.019,0.134,2.741023001,3.4648,-17.6363994,5.465,0.553,-2.206,9.311,-0.517767,-0.043927,-4.2953576,-3.0138042,0.6191253
Ti-V,1,1668,1910,1789,4.51,6.11,5.31,6.8,6.7,6.75,47.9,50.9,49.4,22.5,22,23,1.47,1.34,1.405,1.54,1.63,1.585,-196.74447,0.0663927,0.10951,-0.036,0.091,2.739932633,3.639,-17.3656457,5.356,1.106,-2.323,13.0762,-0.216928,-0.056644,-5.0317476,-3.6057542,0.9049473
Ti-Cr,1,1668,1970,1819,4.51,7.14,5.825,6.8,7.4,7.1,47.9,52,49.95,23,22,24,1.47,1.28,1.375,1.54,1.66,1.6,-197.21839,0.0654263,0.0359103,-0.157,0.098,2.739270319,3.5652,-15.8135387,5.43,1.268,-2.293,14.1306,-0.253714,0.092474,-3.8174076,-2.0013442,1.1777213
Ti-Mn,1,1668,1246,1457,4.51,7.47,5.99,6.8,7.9,7.35,47.9,54.9,51.4,23.5,22,25,1.47,1.27,1.37,1.54,1.55,1.545,-197.21312,0.0940097,0.014177,0.25,0.013,2.73946776,3.5417,-16.1005537,5.4,1.405,-2.193,7.4978,-0.280574,0.250849,-2.8519276,-1.8701042,1.2548401
Ti-Fe,1,1668,1538,1603,4.51,7.87,6.19,6.8,7.8,7.3,47.9,55.8,51.85,24,22,26,1.47,1.26,1.365,1.54,1.83,1.685,-195.79822,0.0467243,0.0346887,-0.32,0.231,2.739952411,3.5064,-16.5361234,5.35,0.376,-2.356,17.4804,-0.289869,0.270639,-3.9357476,-2.8263342,0.6164211
Ti-Ni,1,1668,1455,1561.5,4.51,8.91,6.71,6.8,7.6,7.2,47.9,58.7,53.3,25,22,28,1.47,1.24,1.355,1.54,1.91,1.725,-192.97073,0.089514,0.0156257,-0.101,0.194,2.742553852,3.4622,-16.26427223,5.491,0.429,-2.265,9.4734,-0.333338,0.520887,-4.3176376,-1.9113842,1.7644233
Ti-Cu,1,1668,1085,1376.5,4.51,8.92,6.715,6.8,7.7,7.25,47.9,63.5,55.7,25.5,22,29,1.47,1.28,1.375,1.54,1.9,1.72,-191.84254,0.0623107,0.011699,-0.051,0.119,2.741045653,3.505,-15.62411459,5.358,0.377,-2.306,14.4141,-0.33991,0.512093,-2.9574576,-1.9358142,0.3835703
Ti-Zn,1,1668,419.5,1043.75,4.51,7.14,5.825,6.8,9.3,8.05,47.9,65.4,56.65,26,22,30,1.47,1.34,1.405,1.54,1.65,1.595,-189.56923,0.0649287,0.0188323,0.001,0.11,2.740547841,3.4315,-13.58532012,5.426,0.254,-2.393,11.9299,-0.3064,0.317298,-4.0291876,-3.0356242,0.3502643
Ti-Ru,1,1668,2334,2001,4.51,12.37,8.44,6.8,7.3,7.05,47.9,101,74.45,33,22,44,1.47,1.34,1.405,1.54,2.2,1.87,-196.68395,0.0796997,0.004755,-0.055,0.109,2.740066809,3.6313,-18.6300993,5.399,1.236,-2.269,11.6084,-0.234901,-0.05219,-4.2884076,-2.9394142,0.6920343
Ti-Rh,1,1668,1964,1816,4.51,12.45,8.48,6.8,7.4,7.1,47.9,102.9,75.4,33.5,22,45,1.47,1.34,1.405,1.54,2.28,1.91,-194.65581,0.0798497,0.0377523,-0.064,0.141,2.742452606,3.5639,-17.4260866,5.464,1.342,-2.152,9.4589,-0.276297,0.102423,-3.9130476,-3.2013642,0.5073283
Ti-Pd,1,1668,1555,1611.5,4.51,12.02,8.265,6.8,8.3,7.55,47.9,106.4,77.15,34,22,46,1.47,1.37,1.42,1.54,2.2,1.87,-192.65866,0.0596137,0.0223693,-0.07,0.167,2.743363551,3.5618,-15.2149577,5.433,0.397,-2.236,12.0972,-0.303849,0.209904,-4.7867076,-2.8473342,1.2941453
Ti-Os,1,1668,3033,2350.5,4.51,22.61,13.56,6.8,8.4,7.6,47.9,190.2,119.05,49,22,76,1.47,1.35,1.41,1.54,2.2,1.87,-198.55815,0.0516227,0.027214,-0.046,0.084,2.740020185,3.583,-19.6600877,5.432,0.148,-2.408,11.423,-0.191034,-0.305214,-4.2602076,-2.9945642,0.6143503
Ti-Ir,1,1668,2466,2067,4.51,22.65,13.58,6.8,8.9,7.85,47.9,192.2,120.05,49.5,22,77,1.47,1.36,1.415,1.54,2.2,1.87,-196.53593,0.0598627,0.012388,-0.066,0.121,2.741748917,3.5928,-18.9891217,5.392,0.21,-2.361,14.5376,-0.723085,-0.113815,-3.8608576,-2.7773242,1.0002221
V-Cr,1,1910,1970,1940,6.11,7.14,6.625,6.7,7.4,7.05,50.9,52,51.45,23.5,23,24,1.34,1.28,1.31,1.63,1.66,1.645,-196.56841,0.0574467,0.021303,-1.171,0.099,2.739285748,3.5764,-14.2718118,5.339,1.136,-2.315,15.582,-0.076193,0.067144,-4.6729376,-3.0166142,0.9927013
V-Mn,1,1910,1246,1578,6.11,7.47,6.79,6.7,7.9,7.3,50.9,54.9,52.9,24,23,25,1.34,1.27,1.305,1.63,1.55,1.59,-196.95419,0.076101,0.032452,-1.42,0.214,2.739525929,3.5361,-14.9498768,5.373,1.24,-2.204,11.6225,-0.097183,0.12711,-3.9986176,-2.8695842,0.5512881
V-Fe,1,1910,1538,1724,6.11,7.87,6.99,6.7,7.8,7.25,50.9,55.8,53.35,24.5,23,26,1.34,1.26,1.3,1.63,1.83,1.73,-195.87162,0.0814717,0.0346687,-1.324,0.255,2.740216674,3.4805,-15.7177765,5.374,0.172,-2.389,11.2134,-0.116404,0.237209,-4.0286676,-2.9389742,0.5241151
V-Ni,1,1910,1455,1682.5,6.11,8.91,7.51,6.7,7.6,7.15,50.9,58.7,54.8,25.5,23,28,1.34,1.24,1.29,1.63,1.91,1.77,-192.80666,0.078501,0.0107463,0.244,0.192,2.74195427,3.4897,-15.20845533,5.402,0.273,-2.369,15.5719,-0.148371,0.500978,-4.1015176,-3.0661442,1.0202181
V-Cu,1,1910,1085,1497.5,6.11,8.92,7.515,6.7,7.7,7.2,50.9,63.5,57.2,26,23,29,1.34,1.28,1.31,1.63,1.9,1.765,-191.27394,0.0851923,0.004303,1.022,0.127,2.740414066,3.4688,-14.16376769,5.377,1.568,-2.169,10.2481,-0.158634,0.492735,-4.0150476,-2.8679942,0.5077613
V-Zn,1,1910,419.5,1164.75,6.11,7.14,6.625,6.7,9.3,8,50.9,65.4,58.15,26.5,23,30,1.34,1.34,1.34,1.63,1.65,1.64,-189.23887,0.0826657,0.0244543,-0.235,0.121,2.739933655,3.4241,-12.36321322,5.384,1.476,-2.22,8.9077,-0.125939,0.290076,-4.0034276,-2.6193742,0.7467913
V-Ru,1,1910,2334,2122,6.11,12.37,9.24,6.7,7.3,7,50.9,101,75.95,33.5,23,44,1.34,1.34,1.34,1.63,2.2,1.915,-196.36815,0.0553007,0.0307553,-0.092,0.123,2.740631703,3.6019,-17.4225524,5.427,1.225,-2.261,11.9559,-0.057002,-0.083702,-3.8790376,-2.5634742,0.6687493
V-Rh,1,1910,1964,1937,6.11,12.45,9.28,6.7,7.4,7.05,50.9,102.9,76.9,34,23,45,1.34,1.34,1.34,1.63,2.28,1.955,-194.69935,0.0655557,0.0179473,-0.149,0.161,2.742045982,3.5897,-16.5778797,5.419,1.214,-2.257,14.8141,-0.088992,0.079925,-3.9151876,-2.9000942,0.6167211
V-Pd,1,1910,1555,1732.5,6.11,12.02,9.065,6.7,8.3,7.5,50.9,106.4,78.65,34.5,23,46,1.34,1.37,1.355,1.63,2.2,1.915,-192.53744,0.088741,0.0091437,0.674,0.142,2.74228559,3.5455,-14.2019908,5.447,0.307,-2.325,12.5572,-0.123635,0.18372,-4.0415776,-2.9792842,1.4571691
V-Os,1,1910,3033,2471.5,6.11,22.61,14.36,6.7,8.4,7.55,50.9,190.2,120.55,49.5,23,76,1.34,1.35,1.345,1.63,2.2,1.915,-196.0027,0.067323,0.0219687,-0.024,0.134,2.741955337,3.568,-16.2128908,5.407,0.099,-2.428,9.3057,-0.018268,-0.328025,-6.4391776,-5.1803342,2.4912723
V-Ir,1,1910,2466,2188,6.11,22.65,14.38,6.7,8.9,7.8,50.9,192.2,121.55,50,23,77,1.34,1.36,1.35,1.63,2.2,1.915,-196.00269,0.0666367,0.0207063,-0.024,0.134,2.741955464,3.5684,-17.5641348,5.407,0.149,-2.42,9.3059,-0.125407,-0.086036,-4.3743776,-2.5689542,1.1619673
Cr-Mn,1,1970,1246,1608,7.14,7.47,7.305,7.4,7.9,7.65,52,54.9,53.45,24.5,24,25,1.28,1.27,1.275,1.66,1.55,1.605,-195.40976,0.0702637,0.022691,0.561,0.21,2.739250622,3.4714,-11.3794198,5.438,1.235,-2.227,16.5166,0.075195,0.103633,-5.2633576,-2.7975542,1.8162573
Cr-Fe,1,1970,1538,1754,7.14,7.87,7.505,7.4,7.8,7.6,52,55.8,53.9,25,24,26,1.28,1.26,1.27,1.66,1.83,1.745,-195.04016,0.011256,0.0196607,2.583,0.284,2.739515894,3.4333,-12.8602895,5.377,0.302,-2.34,20.986,0.033063,0.206898,-3.4564176,-2.5041942,0.3736881
Cr-Ni,1,1970,1455,1712.5,7.14,8.91,8.025,7.4,7.6,7.5,52,58.7,55.35,26,24,28,1.28,1.24,1.26,1.66,1.91,1.785,-192.2042,0.0091907,0.0122437,2.744,0.262,2.740755673,3.4385,-12.57996833,5.441,0.285,-2.295,13.3327,-0.011059,0.465372,-4.2095576,-2.7139542,0.8458153
Cr-Cu,1,1970,1085,1527.5,7.14,8.92,8.03,7.4,7.7,7.55,52,63.5,57.75,26.5,24,29,1.28,1.28,1.28,1.66,1.9,1.78,-190.27126,0.0081593,0.0087,2.808,0.166,2.740051353,3.3935,-11.13506069,5.444,0.339,-2.25,15.1365,-0.020199,0.472319,-4.6781076,-2.7822542,1.2498393
Cr-Zn,1,1970,419.5,1194.75,7.14,7.14,7.14,7.4,9.3,8.35,52,65.4,58.7,27,24,30,1.28,1.34,1.31,1.66,1.65,1.655,-188.80559,0.0082307,0.018002,2.885,0.151,2.739644344,3.3895,-9.90390622,5.418,1.585,-2.137,17.6302,0.007163,0.259351,-4.1777776,-2.7355142,1.1539861
Cr-Ru,1,1970,2334,2152,7.14,12.37,9.755,7.4,7.3,7.35,52,101,76.5,34,24,44,1.28,1.34,1.31,1.66,2.2,1.93,-194.99601,0.0314493,0.021028,2.667,0.086,2.739418668,3.581,-14.0243854,5.402,1.267,-2.236,16.9487,0.08056,-0.111135,-3.8940176,-2.4483942,0.7839203
Cr-Rh,1,1970,1964,1967,7.14,12.45,9.795,7.4,7.4,7.4,52,102.9,77.45,34.5,24,45,1.28,1.34,1.31,1.66,2.28,1.97,-193.21002,0.100542,-0.0382897,0.033,0.161,2.740148071,3.5039,-13.0625227,5.463,1.271,-2.179,9.64,0.04066,0.055672,-4.9625076,-3.0756942,1.2325113
Cr-Pd,1,1970,1555,1762.5,7.14,12.02,9.58,7.4,8.3,7.85,52,106.4,79.2,35,24,46,1.28,1.37,1.325,1.66,2.2,1.93,-191.63867,0.0158847,0.0133127,2.903,0.209,2.740415623,3.5001,-11.2771938,5.53,0.439,-2.203,12.7612,0.008328,0.158791,-4.5497876,-2.0806442,1.8156723
Cr-Os,1,1970,3033,2501.5,7.14,22.61,14.875,7.4,8.4,7.9,52,190.2,121.1,50,24,76,1.28,1.35,1.315,1.66,2.2,1.93,-197.39321,0.0200027,0.0211213,2.632,0.072,2.739339204,3.5287,-15.5773738,5.385,0.148,-2.402,11.3555,0.122762,-0.357863,-4.1535876,-2.8175642,0.7167911
Cr-Ir,1,1970,2466,2218,7.14,22.65,14.895,7.4,8.9,8.15,52,192.2,122.1,50.5,24,77,1.28,1.36,1.32,1.66,2.2,1.93,-195.26358,0.0241343,0.0093857,2.767,0.108,2.739750972,3.5098,-14.7989978,5.493,0.214,-2.344,12.234,-0.069808,0.189502,-4.2005076,-2.4223442,1.1271033
Mn-Fe,1,1246,1538,1392,7.47,7.87,7.67,7.9,7.8,7.85,54.9,55.8,55.35,25.5,25,26,1.27,1.26,1.265,1.55,1.83,1.69,-194.58025,0.022748,0.0281407,3.743,0.343,2.739819661,3.3977,-12.6926645,5.418,0.356,-2.246,22.9728,0.092959,0.1799,-4.5967976,-3.3162142,0.6318583
Mn-Ni,1,1246,1455,1350.5,7.47,8.91,8.19,7.9,7.6,7.75,54.9,58.7,56.8,26.5,25,28,1.27,1.24,1.255,1.55,1.91,1.73,-192.17276,0.0251553,0.014422,3.821,0.319,2.741145445,3.4142,-12.84081333,5.483,0.38,-2.18,20.6581,0.045693,0.437387,-4.1381776,-2.6436042,0.8270793
Mn-Cu,1,1246,1085,1165.5,7.47,8.92,8.195,7.9,7.7,7.8,54.9,63.5,59.2,27,25,29,1.27,1.28,1.275,1.55,1.9,1.725,-190.71793,0.025196,0.006512,3.857,0.231,2.740338426,3.3557,-11.87401569,5.491,1.729,-1.959,16.8933,0.032906,0.446774,-4.1152776,-2.2994442,1.1588833
Mn-Zn,1,1246,419.5,832.75,7.47,7.14,7.305,7.9,9.3,8.6,54.9,65.4,60.15,27.5,25,30,1.27,1.34,1.305,1.55,1.65,1.6,-188.78269,0.0322997,0.0180183,-0.092,0.13,2.739700634,3.365,-10.17329122,5.427,1.607,-2.106,14.3526,0.056499,0.24555,-4.1092776,-2.2530542,1.2029203
Mn-Ru,1,1246,2334,1790,7.47,12.37,9.92,7.9,7.3,7.6,54.9,101,77.95,34.5,25,44,1.27,1.34,1.305,1.55,2.2,1.875,-194.83276,0.017441,0.133359,3.712,0.15,2.740660312,3.5428,-14.1534204,5.427,1.34,-2.161,13.4419,0.135237,-0.126209,-3.7229776,-3.2269942,1.1830861
Mn-Rh,1,1246,1964,1605,7.47,12.45,9.96,7.9,7.4,7.65,54.9,102.9,78.9,35,25,45,1.27,1.34,1.305,1.55,2.28,1.915,-193.57465,0.0180597,-0.0073703,3.836,0.236,2.740547895,3.4901,-13.7194377,5.507,1.403,-2.083,11.7627,0.101036,0.040289,-2.7635776,-3.0361842,1.7017961
Mn-Pd,1,1246,1555,1400.5,7.47,12.02,9.745,7.9,8.3,8.1,54.9,106.4,80.65,35.5,25,46,1.27,1.37,1.32,1.55,2.2,1.875,-191.23507,0.0247073,-0.0083797,-0.029,0.208,2.741536433,3.4679,-11.1658788,5.533,0.475,-2.181,6.6883,0.065852,0.15073,-3.4246376,-3.2658242,1.1235351
Mn-Os,1,1246,3033,2139.5,7.47,22.61,15.04,7.9,8.4,8.15,54.9,190.2,122.55,50.5,25,76,1.27,1.35,1.31,1.55,2.2,1.875,-197.23857,-0.0204027,0.0326077,3.624,0.094,2.739649518,3.4645,-15.7150188,5.431,0.299,-2.317,13.0533,0.178171,-0.36878,-4.0994176,-2.9243642,0.5238253
Mn-Ir,1,1246,2466,1856,7.47,22.65,22.65,7.9,8.9,8.4,54.9,192.2,192.2,51,25,77,1.27,1.36,1.315,1.55,2.2,1.875,-195.16692,0.027812,-0.0961407,3.821,0.04,2.740208835,3.4819,-14.9946228,5.506,0.201,-2.282,16.1156,-0.072112,0.034039,-4.0423276,-2.4556942,0.9258633
Fe-Ni,1,1538,1455,1496.5,7.87,8.91,8.39,7.8,7.6,7.7,55.8,58.7,57.25,27,26,28,1.26,1.24,1.25,1.83,1.91,1.87,-190.78028,0.040609,0.0197427,3.218,0.34,2.741843037,3.347,-13.29880303,5.494,0.627,-2.156,14.7562,0.150374,0.42826,-4.3589576,-2.8045442,1.3288071
Fe-Cu,1,1538,1085,1311.5,7.87,8.92,8.395,7.8,7.7,7.75,55.8,63.5,59.65,27.5,26,29,1.26,1.28,1.27,1.83,1.9,1.865,-189.4316,0.0407267,0.0092853,3.24,0.238,2.740208815,3.3083,-12.43815539,5.487,0.626,-2.129,16.4488,0.138301,0.443949,-3.7103176,-1.5385342,1.5174583
Fe-Zn,1,1538,419.5,978.75,7.87,7.14,7.505,7.8,9.3,8.55,55.8,65.4,60.6,28,26,30,1.26,1.34,1.3,1.83,1.65,1.74,-187.32864,0.040963,0.0208627,3.161,0.207,2.739541492,3.2945,-10.56971092,5.464,0.489,-2.196,13.3229,0.173153,0.238168,-2.4671376,-2.8218842,1.4223611
Fe-Ru,1,1538,2334,1936,7.87,12.37,10.12,7.8,7.3,7.55,55.8,101,78.4,35,26,44,1.26,1.34,1.3,1.83,2.2,2.015,-193.12363,0.161496,0.0159087,3.173,0.19,2.739322662,3.4944,-14.2947601,5.429,0.331,-2.325,19.0418,0.380934,-0.157765,-4.8536376,-3.8861842,1.2033473
Fe-Rh,1,1538,1964,1751,7.87,12.45,10.16,7.8,7.4,7.6,55.8,102.9,79.35,35.5,26,45,1.26,1.34,1.3,1.83,2.28,2.055,-190.95027,0.15609,0.0131687,3.218,0.283,2.73966323,3.4337,-12.9455274,5.504,0.288,-2.26,16.7527,0.342219,0.005143,-5.4275376,-2.9011242,1.8620363
Fe-Pd,1,1538,1555,1546.5,7.87,12.02,9.945,7.8,8.3,8.05,55.8,106.4,81.1,36,26,46,1.26,1.37,1.315,1.83,2.2,2.015,-190.43331,0.0501667,0.017202,3.254,0.332,2.74165803,3.4066,-12.2145885,5.554,0.722,-2.111,16.7118,0.295808,0.118363,-4.4905876,-2.8216342,1.2460061
Fe-Os,1,1538,3033,2285.5,7.87,22.61,15.24,7.8,8.4,8.1,55.8,190.2,123,51,26,76,1.26,1.35,1.305,1.83,2.2,2.015,-196.00886,-0.026078,0.0185533,3.123,0.141,2.740235924,3.4319,-16.3357785,5.402,0.494,-2.314,10.1979,0.288736,-0.387674,-4.0960976,-2.7335542,0.7436891
Fe-Ir,1,1538,2466,2002,7.87,22.65,15.26,7.8,8.9,8.35,55.8,192.2,124,51.5,26,77,1.26,1.36,1.31,1.83,2.2,2.015,-192.8843,0.149597,0.0067277,3.186,0.218,2.739516022,3.4298,-14.5624725,5.501,0.51,-2.262,13.8012,0.300171,-0.173172,-4.1754576,-3.4298842,0.7505443
Ni-Cu,1,1455,1085,1270,8.91,8.92,8.915,7.6,7.7,7.65,58.7,63.5,61.1,28.5,28,29,1.24,1.28,1.26,1.91,1.9,1.905,-185.84955,0.0118303,-0.0081797,0.803,0.047,2.739362147,3.3191,-11.41174422,5.56,0.651,-2.084,7.8838,0.424003,0.409528,-4.7740176,-3.0776042,1.0295803
Ni-Zn,1,1455,419.5,937.25,8.91,7.14,8.025,7.6,9.3,8.45,58.7,65.4,62.05,29,28,30,1.24,1.34,1.29,1.91,1.65,1.78,-184.09323,0.0139487,0.0189107,0.691,0.19,2.739264585,3.2493,-9.88993975,5.527,0.619,-2.085,10.2963,0.453409,0.197069,-4.7463176,-3.2596742,0.8219603
Ni-Ru,1,1455,2334,1894.5,8.91,12.37,10.64,7.6,7.3,7.45,58.7,101,79.85,36,28,44,1.24,1.34,1.29,1.91,2.2,2.055,-190.54489,0.0210867,-0.0077973,0.748,0.193,2.739329892,3.4584,-14.27165893,5.514,1.697,-2.107,10.5892,0.520316,-0.186398,-3.8315576,-3.2104442,0.5152633
Ni-Rh,1,1455,1964,1709.5,8.91,12.45,10.68,7.6,7.4,7.5,58.7,102.9,80.8,36.5,28,45,1.24,1.34,1.29,1.91,2.28,2.095,-188.42296,0.010512,0.0089327,0.785,0.244,2.739348027,3.4583,-12.97385623,5.587,1.767,-2.036,16.8646,0.485745,-0.017001,-5.1378676,-3.7518542,1.0611383
Ni-Pd,1,1455,1555,1505,8.91,12.02,10.465,7.6,8.3,7.95,58.7,106.4,82.55,37,28,46,1.24,1.37,1.305,1.91,2.2,2.055,-187.37055,-0.0027623,0.0014443,0.73,0.293,2.739462653,3.4044,-11.70746733,5.635,0.776,-2.053,13.9091,0.452107,0.092893,-3.9230776,-2.8144342,0.4611233
Ni-Os,1,1455,3033,2244,8.91,22.61,15.76,7.6,8.4,8,58.7,190.2,124.45,52,28,76,1.24,1.35,1.295,1.91,2.2,2.055,-192.34366,0.006803,0.0123713,0.574,0.135,2.739360034,3.4462,-15.22621733,5.491,0.493,-2.286,10.0613,0.56664,-0.439855,-4.4425376,-2.8585342,0.9394803
Ni-Ir,1,1455,2466,1960.5,8.91,22.65,15.78,7.6,8.9,8.25,58.7,192.2,125.45,52.5,28,77,1.24,1.36,1.3,1.91,2.2,2.055,-189.93872,0.000437,0.0957883,0.767,0.211,2.739602413,3.4347,-14.17253133,5.575,0.559,-2.192,11.0846,0.528956,0.342964,-5.0056676,-3.1987442,1.1557663
Cu-Zn,1,1085,419.5,752.25,8.92,7.14,8.03,7.7,9.3,8.5,63.5,65.4,64.45,29.5,29,30,1.28,1.34,1.31,1.9,1.65,1.775,-182.74755,0.01573,0.0155663,0.009,0.156,2.739291349,3.2352,-9.03229211,5.513,0.593,-2.051,9.3343,0.460455,0.183251,-4.3003976,-2.7188042,0.9183853
Cu-Ru,1,1085,2334,1709.5,8.92,12.37,10.645,7.7,7.3,7.5,63.5,101,82.25,36.5,29,44,1.28,1.34,1.31,1.9,2.2,2.05,-189.10816,0.009171,0.0150133,0.039,0.135,2.739504562,3.4598,-13.32296129,5.5,1.735,-2.062,12.2174,0.522783,-0.186223,-4.7484576,-2.3272142,1.7729123
Cu-Rh,1,1085,1964,1524.5,8.92,12.45,10.685,7.7,7.4,7.55,63.5,102.9,83.2,37,29,45,1.28,1.34,1.31,1.9,2.28,2.09,-187.85037,0.005536,0.0022203,0.011,0.17,2.739713899,3.439,-12.88929859,5.574,1.714,-2.041,15.2737,0.498112,-0.019802,-4.4366076,-2.4658042,1.3178243
Cu-Pd,1,1085,1555,1320,8.92,12.02,10.47,7.7,8.3,8,63.5,106.4,84.95,37.5,29,46,1.28,1.37,1.325,1.9,2.2,2.05,-185.64566,0.0097673,0.0045353,0.009,0.213,2.739796013,3.3936,-10.47060969,5.632,0.759,-2.029,12.4095,0.472364,0.088593,-4.7777176,-2.7390542,1.3778793
Cu-Os,1,1085,3033,2059,8.92,22.61,15.765,7.7,8.4,8.05,63.5,190.2,126.85,52.5,29,76,1.28,1.35,1.315,1.9,2.2,2.05,-191.21107,0.0113683,0.0265477,0.025,0.111,2.739444212,3.4252,-14.58165969,5.481,0.487,-2.254,9.1312,0.557069,-0.436093,-4.0339976,-2.8620042,0.9497481
Cu-Ir,1,1085,2466,1775.5,8.92,22.65,15.785,7.7,8.9,8.3,63.5,192.2,127.85,53,29,77,1.28,1.36,1.32,1.9,2.2,2.05,-189.16237,0.0081777,-0.0107037,0.015,0.153,2.739518702,3.4114,-13.88421369,5.562,0.535,-2.185,9.6326,0.429643,0.159451,-4.5098176,-2.1709742,1.6926763
Zn-Ru,1,419.5,2334,1376.75,7.14,12.37,9.755,9.3,7.3,8.3,65.4,101,83.2,37,30,44,1.34,1.34,1.34,1.65,2.2,1.925,-186.77121,0.014424,0.025469,-0.006,0.112,2.739958739,3.4298,-11.22052682,5.447,1.599,-2.115,11.6865,0.300882,-0.14599,-4.7685976,-3.3247942,0.7941153
Zn-Rh,1,419.5,1964,1191.75,7.14,12.45,9.795,9.3,7.4,8.35,65.4,102.9,84.15,37.5,30,45,1.34,1.34,1.34,1.65,2.28,1.965,-185.75732,0.0171423,0.0020203,-0.009,0.16,2.740465708,3.405,-11.03076412,5.529,1.629,-2.032,15.0543,0.271054,0.016421,-4.3437976,-2.8298342,0.8576943
Zn-Pd,1,419.5,1555,987.25,7.14,12.02,9.58,9.3,8.3,8.8,65.4,106.4,85.9,38,30,46,1.34,1.37,1.355,1.65,2.2,1.925,-184.35289,0.0086843,0.0212073,-0.001,0.187,2.740942421,3.3427,-9.41235522,5.589,0.606,-2.064,9.1069,0.24581,0.122375,-3.4539576,-2.3441742,1.1257951
Zn-Os,1,419.5,3033,1726.25,7.14,22.61,14.875,9.3,8.4,8.85,65.4,190.2,127.8,53,30,76,1.34,1.35,1.345,1.65,2.2,1.925,-189.30359,0.017308,0.028371,-0.007,0.095,2.739798632,3.3932,-12.90869522,5.429,0.381,-2.286,8.819,0.338479,-0.394473,-4.4440676,-2.8860042,0.9206233
Zn-Ir,1,419.5,2466,1442.75,7.14,22.65,14.895,9.3,8.9,9.1,65.4,192.2,128.8,53.5,30,77,1.34,1.36,1.35,1.65,2.2,1.925,-187.34926,0.0220297,-0.0222657,-0.007,0.144,2.739999203,3.372,-12.30561922,5.514,0.405,-2.216,6.4912,0.14493,-0.164778,-4.3101276,-2.1343242,1.5257873
Ru-Rh,1,2334,1964,2149,12.37,12.45,12.41,7.3,7.4,7.35,101,102.9,101.95,44.5,44,45,1.34,1.34,1.34,2.2,2.28,2.24,-192.16222,0.015766,0.0514263,-0.303,0.165,2.739823491,3.5995,-15.3657233,5.588,1.46,-2.187,14.5376,-0.08719,0.072829,-3.8404276,-3.0184242,0.6639531
Ru-Pd,1,2334,1555,1944.5,12.37,12.02,12.195,7.3,8.3,7.8,101,106.4,103.7,45,44,46,1.34,1.37,1.355,2.2,2.2,2.2,-190.1161,-0.0209633,0.0166403,0.422,0.187,2.739477751,3.5621,-13.1056244,5.584,1.778,-2.058,12.9798,-0.108337,0.179783,-4.3859776,-2.9850042,0.7558453
Ru-Os,1,2334,3033,2683.5,12.37,22.61,17.49,7.3,8.4,7.85,101,190.2,145.6,60,44,76,1.34,1.35,1.345,2.2,2.2,2.2,-195.75119,0.0026707,0.0146953,-0.25,0.098,2.739282009,3.5647,-17.2863544,5.446,0.234,-2.367,11.3213,-0.011379,-0.33486,-4.3955576,-3.5536442,0.8597293
Ru-Ir,1,2334,2466,2400,12.37,22.65,17.51,7.3,8.9,8.1,101,192.2,146.6,60.5,44,77,1.34,1.36,1.35,2.2,2.2,2.2,-193.64251,0.025126,0.0016307,-0.277,0.138,2.739427039,3.5821,-16.5289284,5.547,0.274,-2.328,14.3674,-0.144616,0.044927,-4.8206576,-2.0111842,2.1649773
Rh-Pd,1,1964,1555,1759.5,12.45,12.02,12.235,7.4,8.3,7.85,102.9,106.4,104.65,45.5,45,46,1.34,1.37,1.355,2.28,2.2,2.24,-188.67047,-0.0518247,0.0112883,0.413,0.267,2.739685041,3.5131,-12.4841217,5.669,1.867,-1.966,10.9627,0.062229,0.155177,-3.7167176,-2.5227342,0.9767711
Rh-Os,1,1964,3033,2498.5,12.45,22.61,17.53,7.4,8.4,7.9,102.9,190.2,146.55,60.5,45,76,1.34,1.35,1.345,2.28,2.2,2.24,-194.52503,-0.0020363,0.0067593,0.18,0.121,2.739297388,3.5494,-16.8843217,5.534,0.231,-2.334,14.7622,0.157761,-0.370516,-3.8369176,-2.3838942,0.8095273
Rh-Ir,1,1964,2466,2215,12.45,22.65,17.55,7.4,8.9,8.15,102.9,192.2,147.55,61,45,77,1.34,1.36,1.35,2.28,2.2,2.24,-192.13242,-0.0545867,-0.016099,0.176,0.156,2.739399394,3.5254,-15.8429657,5.631,1.703,-2.106,12.5273,0.178287,0.10671,-3.6526276,-3.1084142,0.8568771
Pd-Os,1,1555,3033,2294,12.02,22.61,17.315,8.3,8.4,8.35,106.4,190.2,148.3,61,46,76,1.37,1.35,1.36,2.2,2.2,2.2,-192.0693,0.0148717,0.0194823,0.081,0.109,2.73935358,3.4987,-14.2146128,5.552,0.598,-2.206,6.0304,0.259888,-0.397381,-4.3249776,-2.8844042,0.7850713
Pd-Ir,1,1555,2466,2010.5,12.02,22.65,17.335,8.3,8.9,8.6,106.4,192.2,149.3,61.5,46,77,1.37,1.36,1.365,2.2,2.2,2.2,-189.79565,0.0088233,-0.0362443,0.13,0.187,2.739325653,3.4796,-13.2922168,5.645,0.658,-2.139,9.7617,0.238089,-0.040258,-4.8694876,-2.8859542,1.3233443
Os-Ir,1,3033,2466,2749.5,22.61,22.65,22.63,8.4,8.9,8.65,190.2,192.2,191.2,76.5,76,77,1.35,1.36,1.355,2.2,2.2,2.2,-195.86644,-0.003615,0.0069053,-0.159,0.137,2.740293751,3.5321,-17.9086468,5.532,0.363,-2.349,9.2604,-0.275041,0.035576,-4.2330376,-2.9056642,0.6825383
Sc-Ti,1,1541,1668,1604.5,2.99,4.51,3.75,6.5,6.8,6.65,44.9,47.9,46.4,21.5,21,22,1.62,1.47,1.545,1.36,1.54,1.45,-195.85761,0.0375893,0.0421823,-0.056,0.081,2.73931088,3.5795,-18.3964503,5.356,0.106,-2.357,13.7755,-0.310927,-0.228513,-3.8822176,-2.9034342,0.3348333
Sc-V,1,1541,1910,1725.5,2.99,6.11,4.55,6.5,6.7,6.6,44.9,50.9,47.9,22,21,23,1.62,1.34,1.48,1.36,1.63,1.495,-195.90194,0.0433143,0.0658607,0.055,0.075,2.739434922,3.53,-17.5490334,5.405,1.264,-2.195,12.4059,-0.335025,-0.062069,-4.0775276,-2.9457642,0.4850903
Sc-Cr,1,1541,1970,1755.5,2.99,7.14,5.065,6.5,7.4,6.95,44.9,52,48.45,22.5,21,24,1.62,1.28,1.45,1.36,1.66,1.51,-195.09925,0.018743,0.0475113,0.024,0.101,2.741176197,3.5048,-14.7203164,5.364,0.121,-2.323,14.5363,-0.365245,0.072235,-4.5560076,-3.1352842,0.7789693
Sc-Mn,1,1541,1246,1393.5,2.99,7.47,5.23,6.5,7.9,7.2,44.9,54.9,49.9,23,21,25,1.62,1.27,1.445,1.36,1.55,1.455,-195.89623,0.0438867,0.015287,-0.049,0.196,2.739532326,3.492,-15.8095814,5.353,1.325,-2.123,18.7596,-0.387082,0.133163,-3.2863876,-2.3268442,1.2193821
Sc-Fe,1,1541,1538,1539.5,2.99,7.87,5.43,6.5,7.8,7.15,44.9,55.8,50.35,23.5,21,26,1.62,1.26,1.44,1.36,1.83,1.595,-194.45416,0.0428277,0.0237273,-0.109,0.205,2.740160217,3.422,-16.2179811,5.355,0.441,-2.237,17.9202,-0.394239,0.25806,-4.2373276,-1.8621842,1.7164043
Sc-Ni,1,1541,1455,1498,2.99,8.91,5.95,6.5,7.6,7.05,44.9,58.7,51.8,24.5,21,28,1.62,1.24,1.43,1.36,1.91,1.635,-192.18895,0.04311,0.002742,-0.033,0.166,2.742825474,3.383,-16.50840993,5.45,0.519,-2.146,10.1099,-0.434556,0.508034,-3.5831376,-2.2903342,0.7964091
Sc-Cu,1,1541,1085,1313,2.99,8.92,5.955,6.5,7.7,7.1,44.9,63.5,54.2,25,21,29,1.62,1.28,1.45,1.36,1.9,1.63,-190.72528,0.0612183,0.0099403,-0.004,0.092,2.741320162,3.4259,-15.53277229,5.397,0.379,-2.19,3.5196,-0.451772,0.499124,-3.8516576,-1.5129942,1.6889523
Sc-Zn,1,1541,419.5,980.25,2.99,7.14,5.065,6.5,9.3,7.9,44.9,65.4,55.15,25.5,21,30,1.62,1.34,1.48,1.36,1.65,1.505,-188.10952,0.0396137,0.0212987,-0.019,0.116,2.740922731,3.386,-13.15152782,5.377,0.296,-2.239,9.1335,-0.418994,0.298596,-4.1538776,-3.2375742,0.5538773
Sc-Ru,1,1541,2334,1937.5,2.99,12.37,7.68,6.5,7.3,6.9,44.9,101,72.95,32.5,21,44,1.62,1.34,1.48,1.36,2.2,1.78,-194.01366,0.0463207,0.035997,-0.02,0.101,2.740237764,3.5727,-16.985727,5.355,1.383,-2.142,14.348,-0.336943,-0.043779,-5.0663476,-4.1573842,1.4736143
Sc-Rh,1,1541,1964,1752.5,2.99,12.45,7.72,6.5,7.4,6.95,44.9,102.9,73.9,33,21,45,1.62,1.34,1.48,1.36,2.28,1.82,-193.6884,0.039198,-0.0165933,-0.016,0.118,2.741778827,3.4961,-17.4845943,5.446,1.485,-2.047,9.1168,-0.383256,0.120131,-4.0076676,-2.9701742,0.3582743
Sc-Pd,1,1541,1555,1548,2.99,12.02,7.505,6.5,8.3,7.4,44.9,106.4,75.65,33.5,21,46,1.62,1.37,1.495,1.36,2.2,1.78,-191.58338,0.047625,0.008906,-0.023,0.157,2.74240433,3.5045,-15.1655954,5.483,0.461,-2.156,14.9801,-0.409794,0.214767,-4.5622776,-2.7791142,1.1191863
Sc-Os,1,1541,3033,2287,2.99,22.61,12.8,6.5,8.4,7.45,44.9,190.2,117.55,48.5,21,76,1.62,1.35,1.485,1.36,2.2,1.78,-196.69879,0.0326023,0.028114,-0.013,0.083,2.74002412,3.5005,-18.8266454,5.405,0.15,-2.308,11.1793,-0.294153,-0.284592,-3.7390876,-3.4228542,0.7005923
Sc-Ir,1,1541,2466,2003.5,2.99,22.65,12.82,6.5,8.9,7.7,44.9,192.2,118.55,49,21,77,1.62,1.36,1.49,1.36,2.2,1.78,-195.26336,0.051009,-0.0440433,-0.019,0.127,2.740888616,3.5227,-18.7424694,5.423,0.323,-2.28,9.2383,-0.589946,0.09869,-4.3613676,-2.4247342,1.2871013
Ti-V,1,1668,1910,1789,4.51,6.11,5.31,6.8,6.7,6.75,47.9,50.9,49.4,22.5,22,23,1.47,1.34,1.405,1.54,1.63,1.585,-196.74452,0.0514707,0.070962,-0.031,0.014,2.739903425,3.6254,-18.0004357,5.353,1.135,-2.3,11.4418,-0.219929,-0.056366,-4.7304376,-3.1864642,0.9052153
Ti-Cr,1,1668,1970,1819,4.51,7.14,5.825,6.8,7.4,7.1,47.9,52,49.95,23,22,24,1.47,1.28,1.375,1.54,1.66,1.6,-197.21828,0.044921,0.036469,-0.157,0.103,2.739353903,3.5648,-16.4481687,5.441,1.196,-2.274,14.1342,-0.253351,0.091831,-3.0109676,-2.4560142,0.2120161
Ti-Mn,1,1668,1246,1457,4.51,7.47,5.99,6.8,7.9,7.35,47.9,54.9,51.4,23.5,22,25,1.47,1.27,1.37,1.54,1.55,1.545,-197.21312,0.0334297,0.0583157,-0.055,0.088,2.739397491,3.5335,-16.7352937,5.403,1.287,-2.24,8.6239,-0.271893,0.153924,-3.7421276,-2.3533942,1.0761561
Ti-Fe,1,1668,1538,1603,4.51,7.87,6.19,6.8,7.8,7.3,47.9,55.8,51.85,24,22,26,1.47,1.26,1.365,1.54,1.83,1.685,-195.34263,0.0899407,-0.0220217,-0.01,0.099,2.739707603,3.4355,-16.7152734,5.488,-0.798,-2.504,8.4048,-0.28832,0.269553,-4.2067776,-2.8209642,0.7363463
Ti-Ni,1,1668,1455,1561.5,4.51,8.91,6.71,6.8,7.6,7.2,47.9,58.7,53.3,25,22,28,1.47,1.24,1.355,1.54,1.91,1.725,-192.97076,0.0514297,0.00037,-0.072,0.144,2.742471353,3.4828,-16.89904223,5.404,0.311,-2.296,9.392,-0.331292,0.520295,-4.0607476,-2.8356342,0.5770963
Ti-Cu,1,1668,1085,1376.5,4.51,8.92,6.715,6.8,7.7,7.25,47.9,63.5,55.7,25.5,22,29,1.47,1.28,1.375,1.54,1.9,1.72,-191.84235,0.0472967,0.012474,-0.051,0.115,2.741124187,3.5051,-16.25866459,5.356,0.233,-2.343,14.4137,-0.339382,0.511866,-3.4860276,-1.4873242,1.3551363
Ti-Zn,1,1668,419.5,1043.75,4.51,7.14,5.825,6.8,9.3,8.05,47.9,65.4,56.65,26,22,30,1.47,1.34,1.405,1.54,1.65,1.595,-189.21725,0.0382093,0.018769,0.003,0.102,2.740465527,3.4636,-13.86808012,5.357,1.489,-2.194,14.4482,-0.306495,0.317556,-3.2792576,-2.4837142,0.3186763
Ti-Ru,1,1668,2334,2001,4.51,12.37,8.44,6.8,7.3,7.05,47.9,101,74.45,33,22,44,1.47,1.34,1.405,1.54,2.2,1.87,-196.68418,0.0640797,0.012439,-0.051,0.107,2.740118897,3.581,-19.2650693,5.495,1.261,-2.226,6.0461,-0.238012,-0.051512,-4.2356276,-2.5011842,1.0817133
Ti-Rh,1,1668,1964,1816,4.51,12.45,8.48,6.8,7.4,7.1,47.9,102.9,75.4,33.5,22,45,1.47,1.34,1.405,1.54,2.28,1.91,-194.65578,0.0835823,0.0035907,-0.084,0.126,2.742423231,3.5997,-18.0607966,5.401,1.269,-2.19,11.984,-0.276755,0.104971,-4.7298476,-2.8457442,1.2288353
Ti-Pd,1,1668,1555,1611.5,4.51,12.02,8.265,6.8,8.3,7.55,47.9,106.4,77.15,34,22,46,1.47,1.37,1.42,1.54,2.2,1.87,-192.65871,0.041118,0.0142977,-0.035,0.115,2.743600197,3.5756,-15.8497477,5.445,0.374,-2.252,11.984,-0.303528,0.210281,-4.6137076,-3.2956442,0.6730143
Ti-Os,1,1668,3033,2350.5,4.51,22.61,13.56,6.8,8.4,7.6,47.9,190.2,119.05,49,22,76,1.47,1.35,1.41,1.54,2.2,1.87,-198.55836,0.0524357,0.0317137,-0.045,0.088,2.739730341,3.5837,-20.2950377,5.431,0.16,-2.41,11.4236,-0.193445,-0.296779,-3.8016376,-2.9395142,0.5622011
Ti-Ir,1,1668,2466,2067,4.51,22.65,13.58,6.8,8.9,7.85,47.9,192.2,120.05,49.5,22,77,1.47,1.36,1.415,1.54,2.2,1.87,-196.53606,0.0806103,0.016566,-0.042,0.122,2.741794753,3.5436,-19.6239917,5.463,0.191,-2.329,9.241,-0.401224,-0.299927,-4.4153676,-2.9336642,0.8323523
V-Cr,1,1910,1970,1940,6.11,7.14,6.625,6.7,7.4,7.05,50.9,52,51.45,23.5,23,24,1.34,1.28,1.31,1.63,1.66,1.645,-196.56845,0.0403253,0.023218,-1.173,0.108,2.739256185,3.5754,-14.9065918,5.351,1.164,-2.308,15.5819,-0.076525,0.066674,-4.4184276,-3.0097342,0.7656573
V-Mn,1,1910,1246,1578,6.11,7.47,6.79,6.7,7.9,7.3,50.9,54.9,52.9,24,23,25,1.34,1.27,1.305,1.63,1.55,1.59,-196.95421,0.058375,0.039715,-1.418,0.19,2.739613144,3.5362,-15.5846368,5.374,1.202,-2.218,11.6227,-0.09869,0.125299,-3.9600376,-2.8549742,0.4595293
V-Fe,1,1910,1538,1724,6.11,7.87,6.99,6.7,7.8,7.25,50.9,55.8,53.35,24.5,23,26,1.34,1.26,1.3,1.63,1.83,1.73,-195.87159,0.078515,0.0326503,-1.324,0.212,2.740104312,3.4804,-16.3524865,5.375,0.225,-2.366,11.2107,-0.115848,0.236265,-3.9926976,-2.9219042,0.5399021
V-Ni,1,1910,1455,1682.5,6.11,8.91,7.51,6.7,7.6,7.15,50.9,58.7,54.8,25.5,23,28,1.34,1.24,1.29,1.63,1.91,1.77,-192.80685,0.0778447,-0.0025657,0.231,0.158,2.741930805,3.4632,-15.84338533,5.425,0.274,-2.337,13.053,-0.152499,0.500897,-4.2700376,-3.0629142,0.9905391
V-Cu,1,1910,1085,1497.5,6.11,8.92,7.515,6.7,7.7,7.2,50.9,63.5,57.2,26,23,29,1.34,1.28,1.31,1.63,1.9,1.765,-191.27395,0.060441,0.0124157,1.018,0.11,2.740482283,3.4688,-14.79851769,5.375,1.575,-2.164,10.2403,-0.159297,0.489218,-4.0558576,-2.8618942,0.9531931
V-Zn,1,1910,419.5,1164.75,6.11,7.14,6.625,6.7,9.3,8,50.9,65.4,58.15,26.5,23,30,1.34,1.34,1.34,1.63,1.65,1.64,-189.23878,0.0695957,0.0218583,1.192,0.105,2.739929742,3.4345,-12.99786322,5.368,1.47,-2.201,10.2982,-0.127021,0.290005,-3.4244776,-2.8844542,0.1857153
V-Ru,1,1910,2334,2122,6.11,12.37,9.24,6.7,7.3,7,50.9,101,75.95,33.5,23,44,1.34,1.34,1.34,1.63,2.2,1.915,-195.93654,0.0494273,0.048338,-0.084,0.113,2.740974719,3.6022,-17.6256824,5.429,1.174,-2.277,11.9338,-0.055051,-0.082349,-4.2697076,-3.4130742,0.7204063
V-Rh,1,1910,1964,1937,6.11,12.45,9.28,6.7,7.4,7.05,50.9,102.9,76.9,34,23,45,1.34,1.34,1.34,1.63,2.28,1.955,-194.69942,0.068087,0.005746,-0.149,0.142,2.741919008,3.5899,-17.2126897,5.418,1.191,-2.248,14.8199,-0.08977,0.077381,-2.9399676,-2.8949842,0.5852811
V-Pd,1,1910,1555,1732.5,6.11,12.02,9.065,6.7,8.3,7.5,50.9,106.4,78.65,34.5,23,46,1.34,1.37,1.355,1.63,2.2,1.915,-192.53749,0.0897957,0.012096,0.676,0.114,2.742293341,3.546,-14.8367808,5.446,0.301,-2.304,12.5554,-0.123394,0.184759,-3.3668276,-2.9813842,0.9755001
V-Os,1,1910,3033,2471.5,6.11,22.61,14.36,6.7,8.4,7.55,50.9,190.2,120.55,49.5,23,76,1.34,1.35,1.345,1.63,2.2,1.915,-198.12107,0.0388423,-0.0079707,0.109,0.092,2.737280668,3.5807,-18.9660008,5.379,0.017,-2.487,8.8334,-0.013428,-0.334098,-4.4702776,-3.1989442,0.8684851
V-Ir,1,1910,2466,2188,6.11,22.65,14.38,6.7,8.9,7.8,50.9,192.2,121.55,50,23,77,1.34,1.36,1.35,1.63,2.2,1.915,-196.00266,0.0671763,0.0086383,-0.024,0.122,2.741897711,3.5681,-18.1988448,5.407,0.178,-2.414,9.3076,-0.153261,-0.09986,-4.0939076,-2.5572242,0.8999043
Cr-Mn,1,1970,1246,1608,7.14,7.47,7.305,7.4,7.9,7.65,52,54.9,53.45,24.5,24,25,1.28,1.27,1.275,1.66,1.55,1.605,-195.40998,0.065615,0.0163817,0.57,0.173,2.739234312,3.5092,-12.0143798,5.345,1.175,-2.249,19.0485,0.077948,0.104095,-4.2554476,-3.3667542,0.6850543
Cr-Fe,1,1970,1538,1754,7.14,7.87,7.505,7.4,7.8,7.6,52,55.8,53.9,25,24,26,1.28,1.26,1.27,1.66,1.83,1.745,-195.03996,0.0124027,0.025148,2.585,0.226,2.739510495,3.4335,-13.4948295,5.378,0.244,-2.377,20.9874,0.031967,0.207534,-3.9913376,-2.9887642,0.4388121
Cr-Ni,1,1970,1455,1712.5,7.14,8.91,8.025,7.4,7.6,7.5,52,58.7,55.35,26,24,28,1.28,1.24,1.26,1.66,1.91,1.785,-192.20419,-0.0086937,0.017534,2.742,0.208,2.740765216,3.4379,-13.21469833,5.441,0.297,-2.279,13.3303,-0.010425,0.466015,-3.9148976,-2.7104442,0.5574153
Cr-Cu,1,1970,1085,1527.5,7.14,8.92,8.03,7.4,7.7,7.55,52,63.5,57.75,26.5,24,29,1.28,1.28,1.28,1.66,1.9,1.78,-190.76164,0.0062297,0.0071023,2.834,0.143,2.739908471,3.4257,-12.26018069,5.44,0.323,-2.258,17.5864,-0.020826,0.470513,-3.7424076,-2.6777042,0.7427201
Cr-Zn,1,1970,419.5,1194.75,7.14,7.14,7.14,7.4,9.3,8.35,52,65.4,58.7,27,24,30,1.28,1.34,1.31,1.66,1.65,1.655,-188.80572,-0.0034493,0.01959,2.882,0.141,2.739704933,3.3899,-10.53877622,5.419,1.52,-2.137,17.631,0.006238,0.260562,-3.5957076,-2.7180642,0.3017361
Cr-Ru,1,1970,2334,2152,7.14,12.37,9.755,7.4,7.3,7.35,52,101,76.5,34,24,44,1.28,1.34,1.31,1.66,2.2,1.93,-195.44425,0.0489277,0.0255243,2.665,0.085,2.739455199,3.5731,-15.1073654,5.406,1.258,-2.236,11.6617,0.078816,-0.113343,-4.0726476,-2.7743242,0.6570873
Cr-Rh,1,1970,1964,1967,7.14,12.45,9.795,7.4,7.4,7.4,52,102.9,77.45,34.5,24,45,1.28,1.34,1.31,1.66,2.28,1.97,-193.6733,0.00197,0.016077,2.786,0.127,2.740264416,3.5312,-14.1605427,5.488,1.326,-2.14,12.4871,0.042464,0.053668,-4.4570676,-2.4756042,1.3266923
Cr-Pd,1,1970,1555,1762.5,7.14,12.02,9.58,7.4,8.3,7.85,52,106.4,79.2,35,24,46,1.28,1.37,1.325,1.66,2.2,1.93,-191.63879,0.008954,0.0291587,2.901,0.174,2.740465379,3.4999,-11.9120538,5.531,0.411,-2.194,12.7608,0.008111,0.162156,-4.3922376,-2.9293342,0.8008323
Cr-Os,1,1970,3033,2501.5,7.14,22.61,14.875,7.4,8.4,7.9,52,190.2,121.1,50,24,76,1.28,1.35,1.315,1.66,2.2,1.93,-196.94518,0.0401363,0.0452563,2.635,0.074,2.739166028,3.5288,-15.7640838,5.385,0.173,-2.403,11.3514,0.120144,-0.357961,-4.5110676,-3.2442442,0.6196163
Cr-Ir,1,1970,2466,2218,7.14,22.65,14.895,7.4,8.9,8.15,52,192.2,122.1,50.5,24,77,1.28,1.36,1.32,1.66,2.2,1.93,-195.26358,0.0304773,0.003719,2.767,0.103,2.739753943,3.5104,-15.4337378,5.492,0.217,-2.323,12.2356,-0.070446,0.034193,-4.2638076,-2.7689242,0.8419643
Mn-Fe,1,1246,1538,1392,7.47,7.87,7.67,7.9,7.8,7.85,54.9,55.8,55.35,25.5,25,26,1.27,1.26,1.265,1.55,1.83,1.69,-194.58056,0.0288683,0.026693,3.744,0.312,2.739768651,3.3979,-13.3277145,5.425,0.352,-2.237,22.9713,0.092289,0.180926,-3.0087076,-3.3100342,0.8456071
Mn-Ni,1,1246,1455,1350.5,7.47,8.91,8.19,7.9,7.6,7.75,54.9,58.7,56.8,26.5,25,28,1.27,1.24,1.255,1.55,1.91,1.73,-192.17287,0.0216477,0.0129977,3.82,0.293,2.741172927,3.4129,-13.47566333,5.483,0.429,-2.163,20.6586,0.045807,0.437531,-3.8939476,-2.6385742,0.8011401
Mn-Cu,1,1246,1085,1165.5,7.47,8.92,8.195,7.9,7.7,7.8,54.9,63.5,59.2,27,25,29,1.27,1.28,1.275,1.55,1.9,1.725,-190.71776,0.0288963,0.0116053,3.859,0.232,2.74036231,3.395,-12.50858569,5.489,1.718,-1.961,19.5007,0.030616,0.446598,-3.4633376,-2.7760442,0.4575861
Mn-Zn,1,1246,419.5,832.75,7.47,7.14,7.305,7.9,9.3,8.6,54.9,65.4,60.15,27.5,25,30,1.27,1.34,1.305,1.55,1.65,1.6,-188.78275,0.023067,0.0192927,-0.083,0.131,2.739718878,3.3548,-10.80809122,5.431,1.645,-2.094,9.0351,0.056634,0.245734,-3.5593876,-2.6239742,1.2059051
Mn-Ru,1,1246,2334,1790,7.47,12.37,9.92,7.9,7.3,7.6,54.9,101,77.95,34.5,25,44,1.27,1.34,1.305,1.55,2.2,1.875,-193.71401,0.106556,0.146647,3.66,0.172,2.740014582,3.5501,-13.6694104,5.41,1.308,-2.202,13.3443,0.157869,-0.126126,-5.8273476,-3.2937042,1.8653983
Mn-Rh,1,1246,1964,1605,7.47,12.45,9.96,7.9,7.4,7.65,54.9,102.9,78.9,35,25,45,1.27,1.34,1.305,1.55,2.28,1.915,-193.57484,0.0163253,-0.0183267,3.836,0.244,2.740552282,3.4907,-14.3543677,5.507,1.394,-2.083,11.7617,0.099624,0.040587,-4.3995976,-2.7745242,1.7279711
Mn-Pd,1,1246,1555,1400.5,7.47,12.02,9.745,7.9,8.3,8.1,54.9,106.4,80.65,35.5,25,46,1.27,1.37,1.32,1.55,2.2,1.875,-191.23501,-0.0151223,-0.0339583,0.015,0.187,2.741555375,3.4809,-11.8005588,5.539,0.432,-2.197,9.7,0.06213,0.148442,-4.3016076,-3.2716242,0.5907343
Mn-Os,1,1246,3033,2139.5,7.47,22.61,15.04,7.9,8.4,8.15,54.9,190.2,122.55,50.5,25,76,1.27,1.35,1.31,1.55,2.2,1.875,-197.23868,0.0406883,0.0603967,3.631,0.133,2.739668016,3.4784,-16.3498688,5.438,0.256,-2.332,15.7384,0.177974,-0.371758,-4.0149876,-2.9228642,1.2499881
Mn-Ir,1,1246,2466,1856,7.47,22.65,15.06,7.9,8.9,8.4,54.9,192.2,123.55,51,25,77,1.27,1.36,1.315,1.55,2.2,1.875,-195.16694,0.0139793,-0.0263803,3.79,0.202,2.740285446,3.4918,-15.6293828,5.497,0.275,-2.275,19.513,0.073074,-0.179226,-4.1903776,-2.7236242,0.8157423
Fe-Ni,1,1538,1455,1496.5,7.87,8.91,8.39,7.8,7.6,7.7,55.8,58.7,57.25,27,26,28,1.26,1.24,1.25,1.83,1.91,1.87,-190.00278,0.0282057,0.020176,3.219,0.338,2.742018833,3.3469,-13.15604303,5.494,0.666,-2.157,14.7478,0.150392,0.427777,-4.8913076,-3.5756942,0.8897503
Fe-Cu,1,1538,1085,1311.5,7.87,8.92,8.395,7.8,7.7,7.75,55.8,63.5,59.65,27.5,26,29,1.26,1.28,1.27,1.83,1.9,1.865,-189.4315,0.0374813,0.0117,3.234,0.281,2.740181582,3.3275,-13.07279539,5.492,0.614,-2.141,13.615,0.138761,0.444341,-3.7909076,-2.6044242,1.4616121
Fe-Zn,1,1538,419.5,978.75,7.87,7.14,7.505,7.8,9.3,8.55,55.8,65.4,60.6,28,26,30,1.26,1.34,1.3,1.83,1.65,1.74,-187.32861,0.0402067,0.020385,3.161,0.254,2.739504441,3.2947,-11.20442092,5.461,0.503,-2.187,13.3224,0.30619,0.224467,-3.9124376,-2.8039042,1.0890381
Fe-Ru,1,1538,2334,1936,7.87,12.37,10.12,7.8,7.3,7.55,55.8,101,78.4,35,26,44,1.26,1.34,1.3,1.83,2.2,2.015,-192.99216,0.149753,0.056598,3.175,0.224,2.737127702,3.4942,-14.7980301,5.425,0.307,-2.354,19.0425,0.38025,-0.159656,-5.3167976,-2.6109242,2.0422163
Fe-Rh,1,1538,1964,1751,7.87,12.45,10.16,7.8,7.4,7.6,55.8,102.9,79.35,35.5,26,45,1.26,1.34,1.3,1.83,2.28,2.055,-191.39376,0.15869,0.0299757,3.219,0.281,2.739616223,3.4331,-14.0237574,5.509,0.355,-2.238,16.7451,0.211808,0.029193,-4.5124676,-2.3894142,1.4532093
Fe-Pd,1,1538,1555,1546.5,7.87,12.02,9.945,7.8,8.3,8.05,55.8,106.4,81.1,36,26,46,1.26,1.37,1.315,1.83,2.2,2.015,-188.76407,-0.0128263,-0.022588,0.169,0.237,2.739679147,3.3992,-11.1800885,5.568,0.734,-2.141,10.0493,0.311382,0.123046,-5.1169676,-2.9625742,1.4851723
Fe-Os,1,1538,3033,2285.5,7.87,22.61,15.24,7.8,8.4,8.1,55.8,190.2,123,51,26,76,1.26,1.35,1.305,1.83,2.2,2.015,-196.0088,0.0355027,0.034797,3.14,0.194,2.740210791,3.4386,-16.9704585,5.403,0.465,-2.308,12.9851,0.288439,-0.38844,-4.0021076,-1.8829142,1.4523023
Fe-Ir,1,1538,2466,2002,7.87,22.65,15.26,7.8,8.9,8.35,55.8,192.2,124,51.5,26,77,1.26,1.36,1.31,1.83,2.2,2.015,-192.49883,0.148069,0.0695363,3.188,0.249,2.739999746,3.4318,-14.8117425,5.496,0.494,-2.242,13.7124,0.135015,0.061016,-5.6365876,-4.1408042,1.4450683
Ni-Cu,1,1455,1085,1270,8.91,8.92,8.915,7.6,7.7,7.65,58.7,63.5,61.1,28.5,28,29,1.24,1.28,1.26,1.91,1.9,1.905,-185.84958,0.0015383,-0.011564,0.785,-0.044,2.73938776,3.326,-12.04651422,5.563,0.591,-2.126,4.8318,0.424199,0.409426,-4.4493376,-3.1341842,0.6486193
Ni-Zn,1,1455,419.5,937.25,8.91,7.14,8.025,7.6,9.3,8.45,58.7,65.4,62.05,29,28,30,1.24,1.34,1.29,1.91,1.65,1.78,-184.037,0.0023507,0.0160907,0.76,0.071,2.739234196,3.2639,-10.46844975,5.518,0.572,-2.11,10.5652,0.452207,0.19671,-3.3730176,-2.9237342,0.2565883
Ni-Ru,1,1455,2334,1894.5,8.91,12.37,10.64,7.6,7.3,7.45,58.7,101,79.85,36,28,44,1.24,1.34,1.29,1.91,2.2,2.055,-190.1064,0.0232423,-0.0085913,0.759,0.205,2.739372905,3.4782,-14.46790893,5.514,1.764,-2.081,13.696,0.522368,-0.188491,-4.6022176,-3.3017442,0.6607503
Ni-Rh,1,1455,1964,1709.5,8.91,12.45,10.68,7.6,7.4,7.5,58.7,102.9,80.8,36.5,28,45,1.24,1.34,1.29,1.91,2.28,2.095,-188.37984,0.006631,-0.005056,0.799,0.245,2.739439236,3.444,-13.56547623,5.594,1.795,-2.029,14.1191,0.484748,-0.01704,-5.2248876,-3.3516142,1.2230243
Ni-Pd,1,1455,1555,1505,8.91,12.02,10.465,7.6,8.3,7.95,58.7,106.4,82.55,37,28,46,1.24,1.37,1.305,1.91,2.2,2.055,-187.37042,-0.000179,0.007395,0.737,0.256,2.739435469,3.4121,-12.34207733,5.636,0.735,-2.065,13.7776,0.452555,0.092011,-4.1631576,-2.3638842,1.1458993
Ni-Os,1,1455,3033,2244,8.91,22.61,15.76,7.6,8.4,8,58.7,190.2,124.45,52,28,76,1.24,1.35,1.295,1.91,2.2,2.055,-192.07876,0.0018633,0.125538,0.581,0.158,2.739365834,3.4443,-15.59605733,5.492,0.503,-2.256,10.0045,0.569829,-0.448963,-4.5255976,-3.1230442,0.7613083
Ni-Ir,1,1455,2466,1960.5,8.91,22.65,15.78,7.6,8.9,8.25,58.7,192.2,125.45,52.5,28,77,1.24,1.36,1.3,1.91,2.2,2.055,-190.38,0.005125,0.0169943,0.83,0.099,2.739648384,3.404,-15.24855133,5.569,0.562,-2.179,10.785,0.525635,-0.009354,-4.2874176,-3.0931842,1.1950691
Cu-Zn,1,1085,419.5,752.25,8.92,7.14,8.03,7.7,9.3,8.5,63.5,65.4,64.45,29.5,29,30,1.28,1.34,1.31,1.9,1.65,1.775,-183.02576,0.0156667,0.017427,0.01,0.146,2.739263333,3.2623,-9.94524211,5.503,0.549,-2.073,11.924,0.454253,0.185646,-3.9865776,-2.4297042,0.8835083
Cu-Ru,1,1085,2334,1709.5,8.92,12.37,10.645,7.7,7.3,7.5,63.5,101,82.25,36.5,29,44,1.28,1.34,1.31,1.9,2.2,2.05,-188.15654,0.014135,-0.002614,0.035,0.122,2.739546982,3.4416,-13.00608129,5.495,1.771,-2.064,9.0942,0.525638,-0.189632,-5.5006376,-3.2787942,1.5822183
Cu-Rh,1,1085,1964,1524.5,8.92,12.45,10.685,7.7,7.4,7.55,63.5,102.9,83.2,37,29,45,1.28,1.34,1.31,1.9,2.28,2.09,-187.05227,0.0131913,0.014783,0.008,0.145,2.739559564,3.4382,-12.72593859,5.576,1.772,-2.014,15.1901,0.498489,-0.019178,-5.0406876,-3.7115042,1.0111663
Cu-Pd,1,1085,1555,1320,8.92,12.02,10.47,7.7,8.3,8,63.5,106.4,84.95,37.5,29,46,1.28,1.37,1.325,1.9,2.2,2.05,-185.64561,0.0082663,0.019298,0.009,0.176,2.739830814,3.3946,-11.10529969,5.631,0.75,-2.036,12.4083,0.474046,0.089034,-3.3210276,-2.7712442,0.4384031
Cu-Os,1,1085,3033,2059,8.92,22.61,15.765,7.7,8.4,8.05,63.5,190.2,126.85,52.5,29,76,1.28,1.35,1.315,1.9,2.2,2.05,-190.9748,0.005947,0.112119,0.027,0.103,2.739719559,3.4247,-14.98012969,5.483,0.475,-2.243,9.0798,0.555572,-0.445177,-4.5161476,-3.0982142,0.7816333
Cu-Ir,1,1085,2466,1775.5,8.92,22.65,15.785,7.7,8.9,8.3,63.5,192.2,127.85,53,29,77,1.28,1.36,1.32,1.9,2.2,2.05,-189.16243,0.01199,-0.0297887,0.015,0.141,2.739532366,3.4116,-14.51901369,5.564,0.507,-2.185,9.635,0.536715,-0.142257,-4.0546576,-2.1713442,1.2404903
Zn-Ru,1,419.5,2334,1376.75,7.14,12.37,9.755,9.3,7.3,8.3,65.4,101,83.2,37,30,44,1.34,1.34,1.34,1.65,2.2,1.925,-187.27182,0.0189753,0.0246457,-0.007,0.102,2.739873812,3.43,-12.35587682,5.448,1.608,-2.117,11.6999,0.305296,-0.146974,-4.1312976,-3.2866742,0.5793853
Zn-Rh,1,419.5,1964,1191.75,7.14,12.45,9.795,9.3,7.4,8.35,65.4,102.9,84.15,37.5,30,45,1.34,1.34,1.34,1.65,2.28,1.965,-185.7644,0.0276763,0.013197,-0.009,0.142,2.740190205,3.4049,-11.67258412,5.528,1.625,-2.037,15.0583,0.270847,0.012322,-4.6708276,-3.2585742,1.1533561
Zn-Pd,1,419.5,1555,987.25,7.14,12.02,9.58,9.3,8.3,8.8,65.4,106.4,85.9,38,30,46,1.34,1.37,1.355,1.65,2.2,1.925,-183.41459,0.0027387,0.030208,0,0.151,2.740911909,3.3584,-9.10879522,5.591,0.646,-2.065,12.2763,0.246656,0.12302,-5.1085676,-3.7146142,1.0316263
Zn-Os,1,419.5,3033,1726.25,7.14,22.61,14.875,9.3,8.4,8.85,65.4,190.2,127.8,53,30,76,1.34,1.35,1.345,1.65,2.2,1.925,-189.30353,0.0159667,0.034125,-0.007,0.092,2.739771948,3.3934,-13.54337522,5.427,0.382,-2.282,8.8136,0.339804,-0.392974,-3.8243976,-2.8844042,0.4238861
Zn-Ir,1,419.5,2466,1442.75,7.14,22.65,14.895,9.3,8.9,9.1,65.4,192.2,128.8,53.5,30,77,1.34,1.36,1.35,1.65,2.2,1.925,-187.34917,0.0234607,-0.0200917,-0.008,0.132,2.739888412,3.3848,-12.94026922,5.515,0.409,-2.223,9.4315,0.330661,-0.043885,-4.5164676,-2.6010742,1.2748893
Ru-Rh,1,2334,1964,2149,12.37,12.45,12.41,7.3,7.4,7.35,101,102.9,101.95,44.5,44,45,1.34,1.34,1.34,2.2,2.28,2.24,-192.6175,-0.006395,-0.0326753,0.282,0.14,2.739269791,3.5879,-16.4557433,5.555,1.368,-2.153,12.7655,-0.083414,0.075414,-3.3616376,-2.4358742,0.6571341
Ru-Pd,1,2334,1555,1944.5,12.37,12.02,12.195,7.3,8.3,7.8,101,106.4,103.7,45,44,46,1.34,1.37,1.355,2.2,2.2,2.2,-190.11642,0.043013,-0.0006637,0.707,0.168,2.739451381,3.5445,-13.7406844,5.586,1.81,-2.052,7.5577,-0.105347,0.184571,-4.2357376,-3.3468642,0.6509603
Ru-Os,1,2334,3033,2683.5,12.37,22.61,17.49,7.3,8.4,7.85,101,190.2,145.6,60,44,76,1.34,1.35,1.345,2.2,2.2,2.2,-195.8333,0.0545853,0.020863,-0.341,0.092,2.739276957,3.542,-18.0032044,5.467,0.251,-2.344,8.2356,-0.012887,-0.343339,-4.7349176,-3.0205042,1.0770073
Ru-Ir,1,2334,2466,2400,12.37,22.65,17.51,7.3,8.9,8.1,101,192.2,146.6,60.5,44,77,1.34,1.36,1.35,2.2,2.2,2.2,-194.08827,0.0315847,-0.024301,-0.315,0.116,2.739431919,3.567,-17.6094284,5.552,0.255,-2.341,11.5206,-0.092406,0.06287,-3.0079076,-2.8096742,0.2530373
Rh-Pd,1,1964,1555,1759.5,12.45,12.02,12.235,7.4,8.3,7.85,102.9,106.4,104.65,45.5,45,46,1.34,1.37,1.355,2.28,2.2,2.24,-188.79717,-0.0300273,0.0204527,0.41,0.239,2.739592289,3.5025,-13.2455617,5.667,1.853,-1.966,7.9524,0.063311,0.156286,-3.8240776,-1.6257842,1.5385503
Rh-Os,1,1964,3033,2498.5,12.45,22.61,17.53,7.4,8.4,7.9,102.9,190.2,146.55,60.5,45,76,1.34,1.35,1.345,2.28,2.2,2.24,-194.52493,0.0170343,0.0278113,0.18,0.133,2.739343879,3.5489,-17.5189617,5.535,0.227,-2.333,14.7695,0.158385,-0.376517,-3.2566576,-2.8301142,0.2687021
Rh-Ir,1,1964,2466,2215,12.45,22.65,17.55,7.4,8.9,8.15,102.9,192.2,147.55,61,45,77,1.34,1.36,1.35,2.28,2.2,2.24,-191.77986,-0.0534117,-0.043662,0.182,0.152,2.739515461,3.4805,-16.1251457,5.628,1.802,-2.095,6.8927,0.124565,-0.005617,-4.9539276,-2.9481742,1.3490933
Pd-Os,1,1555,3033,2294,12.02,22.61,17.315,8.3,8.4,8.35,106.4,190.2,148.3,61,46,76,1.37,1.35,1.36,2.2,2.2,2.2,-191.55556,0.0269653,0.0242393,-0.02,0.074,2.739292522,3.5222,-14.3356128,5.55,0.541,-2.222,2.9377,0.254954,-0.390118,-4.2628176,-2.8097942,0.8081053
Pd-Ir,1,1555,2466,2010.5,12.02,22.65,17.335,8.3,8.9,8.6,106.4,192.2,149.3,61.5,46,77,1.37,1.36,1.365,2.2,2.2,2.2,-189.68066,0.0236603,-0.0629477,0.064,0.157,2.739305513,3.47,-13.8119668,5.648,0.637,-2.153,6.3219,0.186177,-0.07574,-5.0348676,-3.0583342,1.3229633
Os-Ir,1,3033,2466,2749.5,22.61,22.65,22.63,8.4,8.9,8.65,190.2,192.2,191.2,76.5,76,77,1.35,1.36,1.355,2.2,2.2,2.2,-195.86648,-0.0614437,-0.011067,0.161,0.117,2.740311744,3.5218,-18.5434268,5.536,0.384,-2.347,6.9591,-0.242189,0.13185,-4.3815076,-2.6287842,1.1131993
Sc-Ti,2,1541,1668,1604.5,2.99,4.51,3.75,6.5,6.8,6.65,44.9,47.9,46.4,21.5,21,22,1.62,1.47,1.545,1.36,1.54,1.45,-194.52543,0.037774,-0.018763,-0.048,0.027,2.739396231,3.5547,-18.7096003,5.802,1.199,-2.074,11.0023,-0.27154,-0.199941,-4.7880176,-3.3860542,0.7409923
Sc-V,2,1541,1910,1725.5,2.99,6.11,4.55,6.5,6.7,6.6,44.9,50.9,47.9,22,21,23,1.62,1.34,1.48,1.36,1.63,1.495,-194.73036,0.0302853,-0.0240057,0.075,0.03,2.739257976,3.5031,-18.0227834,5.789,1.134,-2.086,10.0808,-0.299178,-0.036342,-4.2653576,-3.3029842,0.6139853
Sc-Cr,2,1541,1970,1755.5,2.99,7.14,5.065,6.5,7.4,6.95,44.9,52,48.45,22.5,21,24,1.62,1.28,1.45,1.36,1.66,1.51,-193.44044,0.0322407,0.076907,0.029,0.046,2.739544693,3.477,-14.7068364,5.802,1.236,-2.057,11.1015,-0.324503,0.101965,-5.2580276,-3.5070742,1.0900623
Sc-Mn,2,1541,1246,1393.5,2.99,7.47,5.23,6.5,7.9,7.2,44.9,54.9,49.9,23,21,25,1.62,1.27,1.445,1.36,1.55,1.455,-194.49737,0.039652,-0.013993,-0.03,0.119,2.739390985,3.4761,-16.0560514,5.823,1.22,-2.077,15.7103,-0.340634,0.276203,-4.3348676,-1.9971042,1.6748383
Sc-Fe,2,1541,1538,1539.5,2.99,7.87,5.43,6.5,7.8,7.15,44.9,55.8,50.35,23.5,21,26,1.62,1.26,1.44,1.36,1.83,1.595,-193.50246,0.022176,-0.0375807,-0.008,0.019,2.739648616,3.3779,-16.9116111,5.799,0.244,-2.184,8.3987,-0.355017,0.28719,-3.8913976,-2.0032742,1.2257143
Sc-Ni,2,1541,1455,1498,2.99,8.91,5.95,6.5,7.6,7.05,44.9,58.7,51.8,24.5,21,28,1.62,1.24,1.43,1.36,1.91,1.635,-190.78414,0.028495,-0.016029,-0.033,0.081,2.740673275,3.4124,-16.74892993,5.817,0.248,-2.169,9.9296,-0.397912,0.536505,-3.9513376,-1.9261342,1.3614953
Sc-Cu,2,1541,1085,1313,2.99,8.92,5.955,6.5,7.7,7.1,44.9,63.5,54.2,25,21,29,1.62,1.28,1.45,1.36,1.9,1.63,-189.17285,0.0347877,-0.0054013,-0.011,0.018,2.74032371,3.3824,-15.62567229,5.868,0.228,-2.191,9.1112,-0.403074,0.52648,-4.4757176,-2.9659842,0.8583473
Sc-Zn,2,1541,419.5,980.25,2.99,7.14,5.065,6.5,9.3,7.9,44.9,65.4,55.15,25.5,21,30,1.62,1.34,1.48,1.36,1.65,1.505,-186.63416,0.0164197,-0.0127807,-0.004,0.018,2.739873685,3.3449,-13.32149782,5.862,1.548,-2.04,5.6576,-0.375403,0.335055,-4.3893876,-3.2454142,0.5506443
Sc-Ru,2,1541,2334,1937.5,2.99,12.37,7.68,6.5,7.3,6.9,44.9,101,72.95,32.5,21,44,1.62,1.34,1.48,1.36,2.2,1.78,-193.70445,0.0333993,-0.0506633,-0.017,0.018,2.739538958,3.5314,-18.321847,5.79,1.37,-2.013,9.0204,-0.30112,-0.022638,-4.7129776,-3.3399142,0.7092353
Sc-Rh,2,1541,1964,1752.5,2.99,12.45,7.72,6.5,7.4,6.95,44.9,102.9,73.9,33,21,45,1.62,1.34,1.48,1.36,2.28,1.82,-192.58511,0.04954,-0.04107,-0.022,0.055,2.740101244,3.5304,-18.0266343,5.802,1.291,-2.057,6.9186,-0.337006,0.131973,-3.4617876,-2.9174742,0.2273923
Sc-Pd,2,1541,1555,1548,2.99,12.02,7.505,6.5,8.3,7.4,44.9,106.4,75.65,33.5,21,46,1.62,1.37,1.495,1.36,2.2,1.78,-190.18486,0.0472337,-0.0135867,-0.022,0.035,2.740715452,3.5249,-15.4124054,5.811,0.241,-2.172,11.9085,-0.36727,0.226375,-4.8083976,-3.1969042,0.9570653
Sc-Os,2,1541,3033,2287,2.99,22.61,12.8,6.5,8.4,7.45,44.9,190.2,117.55,48.5,21,76,1.62,1.35,1.485,1.36,2.2,1.78,-196.02327,0.0284723,-0.156329,-0.01,0.003,2.739523644,3.474,-19.7964554,5.775,0.303,-2.138,6.2031,-0.25483,-0.261751,-3.4939076,-2.4926142,0.3358383
Sc-Ir,2,1541,2466,2003.5,2.99,22.65,12.82,6.5,8.9,7.7,44.9,192.2,118.55,49,21,77,1.62,1.36,1.49,1.36,2.2,1.78,-194.08803,0.0220097,-0.116171,-0.007,0.002,2.73982359,3.4794,-19.2124694,5.785,0.281,-2.146,3.1926,-0.563059,-0.130703,-4.3114976,-2.1211942,1.5341133
Ti-V,2,1668,1910,1789,4.51,6.11,5.31,6.8,6.7,6.75,47.9,50.9,49.4,22.5,22,23,1.47,1.34,1.405,1.54,1.63,1.585,-196.88918,0.0043143,0.0119377,0.517,0.027,2.739254477,3.6047,-19.7904257,5.739,1.069,-2.08,11.8158,0.00356,-0.215344,-3.3619276,-2.8818342,0.1974893
Ti-Cr,2,1668,1970,1819,4.51,7.14,5.825,6.8,7.4,7.1,47.9,52,49.95,23,22,24,1.47,1.28,1.375,1.54,1.66,1.6,-195.74909,-0.0351807,0.0103427,2.403,0.042,2.739315277,3.5744,-16.6243087,5.746,1.16,-2.055,13.8106,0.146458,-0.247816,-4.6771776,-2.8787742,1.1314863
Ti-Mn,2,1668,1246,1457,4.51,7.47,5.99,6.8,7.9,7.35,47.9,54.9,51.4,23.5,22,25,1.47,1.27,1.37,1.54,1.55,1.545,-195.47295,-0.00837,0.0128183,3.436,0.139,2.739307241,3.5272,-16.6404537,5.763,1.232,-2.05,12.5677,0.212909,-0.262381,-3.8243576,-3.0040842,0.3180743
Ti-Fe,2,1668,1538,1603,4.51,7.87,6.19,6.8,7.8,7.3,47.9,55.8,51.85,24,22,26,1.47,1.26,1.365,1.54,1.83,1.685,-194.58872,-0.0126273,0.010282,2.839,0.154,2.739385602,3.458,-17.6066934,5.771,0.173,-2.174,9.2958,0.326561,-0.280697,-3.8027676,-2.7523642,0.7053961
Ti-Ni,2,1668,1455,1561.5,4.51,8.91,6.71,6.8,7.6,7.2,47.9,58.7,53.3,25,22,28,1.47,1.24,1.355,1.54,1.91,1.725,-191.63287,-0.0178063,0.0043073,0.36,0.068,2.7395912,3.5092,-17.20648223,5.761,0.177,-2.156,6.7258,0.584937,-0.321749,-4.3900576,-2.9529742,0.7769283
Ti-Cu,2,1668,1085,1376.5,4.51,8.92,6.715,6.8,7.7,7.25,47.9,63.5,55.7,25.5,22,29,1.47,1.28,1.375,1.54,1.9,1.72,-189.61443,0.001324,0.0014257,-0.007,0.025,2.739619214,3.5003,-15.67607459,5.792,1.643,-2.018,11.1867,0.566393,-0.327255,-4.8677976,-3.3919942,0.8138283
Ti-Zn,2,1668,419.5,1043.75,4.51,7.14,5.825,6.8,9.3,8.05,47.9,65.4,56.65,26,22,30,1.47,1.34,1.405,1.54,1.65,1.595,-187.5723,0.0025143,-0.0450037,-0.006,0.005,2.739458661,3.4276,-13.86846012,5.796,1.604,-2.014,5.7199,0.368751,-0.297447,-5.1961676,-3.7383042,1.0375803
Ti-Ru,2,1668,2334,2001,4.51,12.37,8.44,6.8,7.3,7.05,47.9,101,74.45,33,22,44,1.47,1.34,1.405,1.54,2.2,1.87,-195.1768,-0.0435237,0.016484,-0.018,0.028,2.739534075,3.6255,-19.4030193,5.736,1.288,-2.011,8.3918,-0.000551,-0.233707,-4.2356376,-3.0202542,0.5576393
Ti-Rh,2,1668,1964,1816,4.51,12.45,8.48,6.8,7.4,7.1,47.9,102.9,75.4,33.5,22,45,1.47,1.34,1.405,1.54,2.28,1.91,-193.38943,-0.088968,-0.0015833,0.142,0.065,2.739770391,3.6202,-18.4397766,5.741,1.294,-2,8.937,0.153632,-0.260444,-4.8013776,-2.5092742,1.6273253
Ti-Pd,2,1668,1555,1611.5,4.51,12.02,8.265,6.8,8.3,7.55,47.9,106.4,77.15,34,22,46,1.47,1.37,1.42,1.54,2.2,1.87,-191.85371,-0.018915,0.0148777,0.059,0.045,2.740438391,3.61,-16.6900777,5.758,0.169,-2.166,11.5964,0.256157,-0.292593,-4.1911676,-2.1061042,1.4258433
Ti-Os,2,1668,3033,2350.5,4.51,22.61,13.56,6.8,8.4,7.6,47.9,190.2,119.05,49,22,76,1.47,1.35,1.41,1.54,2.2,1.87,-197.47407,-0.073327,0.0000837,0.093,0.031,2.739451223,3.5903,-20.8560777,5.728,0.232,-2.134,8.6585,-0.242409,-0.18271,-4.2208776,-2.7378142,0.8181053
Ti-Ir,2,1668,2466,2067,4.51,22.65,13.58,6.8,8.9,7.85,47.9,192.2,120.05,49.5,22,77,1.47,1.36,1.415,1.54,2.2,1.87,-195.22,-0.0616453,0.0159283,0.025,0.03,2.739568992,3.5869,-19.9532617,5.748,0.196,-2.118,8.5581,-0.089682,-0.218364,-4.0646076,-2.2518842,1.1515733
V-Cr,2,1910,1970,1940,6.11,7.14,6.625,6.7,7.4,7.05,50.9,52,51.45,23.5,23,24,1.34,1.28,1.31,1.63,1.66,1.645,-195.19859,-0.013593,-0.021684,-0.94,0.033,2.739278775,3.5114,-15.1820618,5.715,1.163,-2.007,7.1589,-0.045699,0.104123,-4.2143576,-2.9017842,0.6504273
V-Mn,2,1910,1246,1578,6.11,7.47,6.79,6.7,7.9,7.3,50.9,54.9,52.9,24,23,25,1.34,1.27,1.305,1.63,1.55,1.59,-195.53155,0.0060067,-0.018803,-1.162,0.12,2.739499484,3.5164,-15.8073068,5.754,1.19,-2.033,9.2042,-0.062805,0.167864,-4.7357576,-3.3898442,0.8917801
V-Fe,2,1910,1538,1724,6.11,7.87,6.99,6.7,7.8,7.25,50.9,55.8,53.35,24.5,23,26,1.34,1.26,1.3,1.63,1.83,1.73,-194.51868,0.0037533,-0.0216457,-1.092,0.151,2.739856401,3.474,-16.6449065,5.745,0.156,-2.17,14.3708,-0.077764,0.273835,-4.6084276,-3.3862642,0.6981513
V-Ni,2,1910,1455,1682.5,6.11,8.91,7.51,6.7,7.6,7.15,50.9,58.7,54.8,25.5,23,28,1.34,1.24,1.29,1.63,1.91,1.77,-191.03649,-0.0139627,0.004053,-0.216,0.067,2.741272951,3.5107,-15.71835533,5.7,1.578,-1.983,12.4163,-0.119788,0.529548,-4.2441176,-3.8472142,1.1615693
V-Cu,2,1910,1085,1497.5,6.11,8.92,7.515,6.7,7.7,7.2,50.9,63.5,57.2,26,23,29,1.34,1.28,1.31,1.63,1.9,1.765,-189.87015,-0.0187393,-0.007143,0.571,0.009,2.74075435,3.4709,-15.04004769,5.723,1.552,-2.027,9.1778,-0.128386,0.524906,-4.7758076,-3.3760542,0.7321463
V-Zn,2,1910,419.5,1164.75,6.11,7.14,6.625,6.7,9.3,8,50.9,65.4,58.15,26.5,23,30,1.34,1.34,1.34,1.63,1.65,1.64,-187.3165,-0.0184707,-0.0059957,1.041,0.022,2.740079828,3.4238,-12.72091322,5.752,1.533,-2.032,3.994,-0.099897,0.325259,-5.2588976,-3.8416242,1.1437543
V-Ru,2,1910,2334,2122,6.11,12.37,9.24,6.7,7.3,7,50.9,101,75.95,33.5,23,44,1.34,1.34,1.34,1.63,2.2,1.915,-195.53953,-0.0076117,-0.037718,0.041,0.035,2.739845314,3.637,-18.8740024,5.683,1.2,-2.043,11.7664,-0.030803,-0.067436,-4.1907676,-1.9686542,1.5619623
V-Rh,2,1910,1964,1937,6.11,12.45,9.28,6.7,7.4,7.05,50.9,102.9,76.9,34,23,45,1.34,1.34,1.34,1.63,2.28,1.955,-193.79022,-0.0286993,-0.012312,-0.321,-0.02,2.740951993,3.6123,-17.9488197,5.697,1.173,-2.012,-1.0602,-0.063539,0.09367,-4.2109576,-2.5083942,1.0462963
V-Pd,2,1910,1555,1732.5,6.11,12.02,9.065,6.7,8.3,7.5,50.9,106.4,78.65,34.5,23,46,1.34,1.37,1.355,1.63,2.2,1.915,-191.2387,0.026289,0.0062627,0.101,0.03,2.741129334,3.6011,-15.1833208,5.7,1.649,-1.971,11.9963,-0.088431,0.19986,-4.2322676,-3.2985642,0.7016081
V-Os,2,1910,3033,2471.5,6.11,22.61,14.36,6.7,8.4,7.55,50.9,190.2,120.55,49.5,23,76,1.34,1.35,1.345,1.63,2.2,1.915,-197.03373,0.0038457,-0.0040347,0.084,0.024,2.739853539,3.5881,-19.5239908,5.679,0.182,-2.153,11.4721,0.01631,-0.320274,-4.2466576,-2.9275242,0.8859131
V-Ir,2,1910,2466,2188,6.11,22.65,14.38,6.7,8.9,7.8,50.9,192.2,121.55,50,23,77,1.34,1.36,1.35,1.63,2.2,1.915,-194.39903,-0.0238143,-0.024667,-0.179,0.048,2.740781069,3.5762,-18.2405448,5.691,0.215,-2.104,8.9913,-0.199448,-0.071945,-4.6482976,-3.3774042,0.6789603
Cr-Mn,2,1970,1246,1608,7.14,7.47,7.305,7.4,7.9,7.65,52,54.9,53.45,24.5,24,25,1.28,1.27,1.275,1.66,1.55,1.605,-194.19957,-0.0220153,-0.04096,2.502,0.1,2.739311879,3.4908,-12.4492998,5.724,1.272,-2.016,9.7218,0.084183,0.13647,-4.0332276,-3.5012242,0.8108383
Cr-Fe,2,1970,1538,1754,7.14,7.87,7.505,7.4,7.8,7.6,52,55.8,53.9,25,24,26,1.28,1.26,1.27,1.66,1.83,1.745,-193.76865,-0.0161427,-0.002947,2.401,0.131,2.739797168,3.414,-13.8688495,5.742,0.259,-2.133,15.3961,0.068599,0.242028,-4.4371876,-2.4464942,1.3214943
Cr-Ni,2,1970,1455,1712.5,7.14,8.91,8.025,7.4,7.6,7.5,52,58.7,55.35,26,24,28,1.28,1.24,1.26,1.66,1.91,1.785,-190.93067,-0.0176907,-0.008052,2.551,0.053,2.740794506,3.4409,-13.58650833,5.732,0.254,-2.122,12.928,0.0261,0.495085,-4.0300076,-2.5387142,0.8312663
Cr-Cu,2,1970,1085,1527.5,7.14,8.92,8.03,7.4,7.7,7.55,52,63.5,57.75,26.5,24,29,1.28,1.28,1.28,1.66,1.9,1.78,-189.39871,-0.0155683,-0.0005797,2.647,-0.007,2.740365979,3.4573,-12.54258069,5.756,1.618,-1.987,2.5311,0.014969,0.495241,-4.5139276,-2.8908142,0.9600403
Cr-Zn,2,1970,419.5,1194.75,7.14,7.14,7.14,7.4,9.3,8.35,52,65.4,58.7,27,24,30,1.28,1.34,1.31,1.66,1.65,1.655,-187.07526,0.0087693,-0.008809,2.718,0.011,2.739398265,3.3763,-10.45364622,5.795,1.613,-1.986,11.2735,0.042501,0.295941,-4.8820676,-2.9031942,1.3126383
Cr-Ru,2,1970,2334,2152,7.14,12.37,9.755,7.4,7.3,7.35,52,101,76.5,34,24,44,1.28,1.34,1.31,1.66,2.2,1.93,-194.07357,-0.007143,-0.0409433,2.409,-0.014,2.739595749,3.5738,-15.3820154,5.7,1.36,-1.977,11.1306,0.113297,-0.095537,-4.6600576,-3.3609742,0.6685233
Cr-Rh,2,1970,1964,1967,7.14,12.45,9.795,7.4,7.4,7.4,52,102.9,77.45,34.5,24,45,1.28,1.34,1.31,1.66,2.28,1.97,-192.32254,-0.0024573,-0.022626,2.544,0.01,2.740339883,3.5469,-14.4551127,5.722,1.333,-1.98,12.0359,0.083826,0.067367,-4.7437376,-3.3564742,0.7241713
Cr-Pd,2,1970,1555,1762.5,7.14,12.02,9.58,7.4,8.3,7.85,52,106.4,79.2,35,24,46,1.28,1.37,1.325,1.66,2.2,1.93,-190.15069,-0.0051553,-0.009153,2.665,0.007,2.74080998,3.5531,-12.0692838,5.733,0.335,-2.12,14.5797,0.054288,0.177603,-4.4338976,-3.4262142,0.7365093
Cr-Os,2,1970,3033,2501.5,7.14,22.61,14.875,7.4,8.4,7.9,52,190.2,121.1,50,24,76,1.28,1.35,1.315,1.66,2.2,1.93,-196.38016,-0.016679,-0.0261097,2.369,-0.011,2.739644319,3.5255,-16.8443938,5.695,0.266,-2.099,10.8777,0.154387,-0.344017,-3.9345276,-3.0841342,0.4020853
Cr-Ir,2,1970,2466,2218,7.14,22.65,14.895,7.4,8.9,8.15,52,192.2,122.1,50.5,24,77,1.28,1.36,1.32,1.66,2.2,1.93,-194.17175,-0.001036,-0.0459463,2.521,0.015,2.740047689,3.5515,-15.9872378,5.721,0.302,-2.096,9.0708,-0.12851,-0.227445,-4.4746176,-2.4841542,1.3229513
Mn-Fe,2,1246,1538,1392,7.47,7.87,7.67,7.9,7.8,7.85,54.9,55.8,55.35,25.5,25,26,1.27,1.26,1.265,1.55,1.83,1.69,-193.61626,-0.0032537,-0.017451,3.603,0.236,2.739640534,3.402,-14.0087445,5.772,0.269,-2.129,14.4818,0.132995,0.215962,-4.5168276,-2.4415742,1.3979923
Mn-Ni,2,1246,1455,1350.5,7.47,8.91,8.19,7.9,7.6,7.75,54.9,58.7,56.8,26.5,25,28,1.27,1.24,1.255,1.55,1.91,1.73,-190.72883,-0.0009273,-0.0104287,3.68,0.177,2.740497288,3.432,-13.67695333,5.762,1.71,-1.975,12.1813,0.086756,0.469846,-4.3983176,-2.8959942,0.8304513
Mn-Cu,2,1246,1085,1165.5,7.47,8.92,8.195,7.9,7.7,7.8,54.9,63.5,59.2,27,25,29,1.27,1.28,1.275,1.55,1.9,1.725,-189.17349,-0.0119343,-0.0007097,3.711,0.103,2.740332277,3.4259,-12.60964569,5.776,1.701,-1.991,4.4514,0.072614,0.477492,-4.1565876,-2.8944742,0.5912633
Mn-Zn,2,1246,419.5,832.75,7.47,7.14,7.305,7.9,9.3,8.6,54.9,65.4,60.15,27.5,25,30,1.27,1.34,1.305,1.55,1.65,1.6,-187.23314,-0.0132257,0.000554,3.711,0.113,2.739664891,3.3784,-10.90381122,5.806,1.595,-2.026,4.3205,0.100149,0.278611,-4.6051576,-1.7609142,2.1938663
Mn-Ru,2,1246,2334,1790,7.47,12.37,9.92,7.9,7.3,7.6,54.9,101,77.95,34.5,25,44,1.27,1.34,1.305,1.55,2.2,1.875,-193.66736,-0.018228,-0.047838,3.557,0.094,2.739592166,3.553,-15.2680904,5.729,1.422,-1.995,12.7307,0.179144,-0.104088,-4.4938676,-2.9956542,0.8165333
Mn-Rh,2,1246,1964,1605,7.47,12.45,9.96,7.9,7.4,7.65,54.9,102.9,78.9,35,25,45,1.27,1.34,1.305,1.55,2.28,1.915,-192.42462,-0.013101,-0.0336273,3.692,0.133,2.74020006,3.5259,-14.8494777,5.745,1.401,-2.006,13.7429,0.141538,0.054554,-4.5147876,-2.6322742,1.8807561
Mn-Pd,2,1246,1555,1400.5,7.47,12.02,9.745,7.9,8.3,8.1,54.9,106.4,80.65,35.5,25,46,1.27,1.37,1.32,1.55,2.2,1.875,-190.41781,-0.0121207,-0.0104537,3.76,0.135,2.740813528,3.5301,-12.6286888,5.751,1.751,-1.969,10.8074,0.112734,0.156715,-4.1390776,-2.9346942,0.5382433
Mn-Os,2,1246,3033,2139.5,7.47,22.61,15.04,7.9,8.4,8.15,54.9,190.2,122.55,50.5,25,76,1.27,1.35,1.31,1.55,2.2,1.875,-196.07461,-0.003724,-0.024004,3.495,0.081,2.739629257,3.5154,-16.8311288,5.725,0.276,-2.11,10.0157,0.219376,-0.356658,-4.4456176,-2.4795842,1.2876373
Mn-Ir,2,1246,2466,1856,7.47,22.65,15.06,7.9,8.9,8.4,54.9,192.2,123.55,51,25,77,1.27,1.36,1.315,1.55,2.2,1.875,-193.93379,-0.011148,-0.0517913,3.654,0.135,2.74003144,3.5165,-16.0415628,5.741,0.286,-2.117,8.0253,-0.049518,-0.215721,-4.3485376,-2.9187442,0.7625113
Fe-Ni,2,1538,1455,1496.5,7.87,8.91,8.39,7.8,7.6,7.7,55.8,58.7,57.25,27,26,28,1.26,1.24,1.25,1.83,1.91,1.87,-189.57225,-0.0036667,-0.0126827,3.2,0.278,2.740666623,3.3807,-14.37084303,5.753,0.576,-2.095,12.5974,0.313588,0.448729,-4.0025576,-2.0091242,1.3101283
Fe-Cu,2,1538,1085,1311.5,7.87,8.92,8.395,7.8,7.7,7.75,55.8,63.5,59.65,27.5,26,29,1.26,1.28,1.27,1.83,1.9,1.865,-186.95629,-0.0054407,0.0012247,3.189,0.209,2.740103801,3.3593,-12.24291539,5.77,0.55,-2.1,11.0724,0.183446,0.479223,-5.4023376,-2.9671442,1.7871013
Fe-Zn,2,1538,419.5,978.75,7.87,7.14,7.505,7.8,9.3,8.55,55.8,65.4,60.6,28,26,30,1.26,1.34,1.3,1.83,1.65,1.74,-186.01301,-0.018526,-0.0039853,3.146,0.211,2.739681443,3.3082,-11.53415092,5.802,0.492,-2.123,10.8398,0.200645,0.274555,-4.5761276,-3.0721942,0.9987171
Fe-Ru,2,1538,2334,1936,7.87,12.37,10.12,7.8,7.3,7.55,55.8,101,78.4,35,26,44,1.26,1.34,1.3,1.83,2.2,2.015,-192.11642,0.0031747,-0.039997,3.145,0.176,2.739726927,3.485,-15.5676201,5.724,0.32,-2.103,14.0146,0.276041,-0.118292,-5.2503376,-3.3676042,1.2114463
Fe-Rh,2,1538,1964,1751,7.87,12.45,10.16,7.8,7.4,7.6,55.8,102.9,79.35,35.5,26,45,1.26,1.34,1.3,1.83,2.28,2.055,-190.90619,0.0084023,-0.0191233,3.209,0.229,2.740442286,3.4602,-15.1815174,5.744,1.823,-1.942,14.8109,0.240239,0.042471,-4.8479776,-2.9933642,1.1906313
Fe-Pd,2,1538,1555,1546.5,7.87,12.02,9.945,7.8,8.3,8.05,55.8,106.4,81.1,36,26,46,1.26,1.37,1.315,1.83,2.2,2.015,-189.23169,0.0063523,-0.0032657,3.231,0.247,2.740957093,3.4452,-13.2930385,5.752,0.599,-2.08,14.768,0.210144,0.152967,-4.1042776,-2.9141342,0.5307573
Fe-Os,2,1538,3033,2285.5,7.87,22.61,15.24,7.8,8.4,8.1,55.8,190.2,123,51,26,76,1.26,1.35,1.305,1.83,2.2,2.015,-194.87284,-0.0279167,-0.039069,0.007,0.02,2.73978418,3.417,-17.4798285,5.683,0.612,-2.038,6.1281,0.443531,-0.394298,-4.4243776,-2.9105442,0.8376283
Fe-Ir,2,1538,2466,2002,7.87,22.65,15.26,7.8,8.9,8.35,55.8,192.2,124,51.5,26,77,1.26,1.36,1.31,1.83,2.2,2.015,-192.75394,-0.02856,-0.065785,0.038,0.028,2.740322872,3.4603,-16.7121825,5.698,0.579,-2.064,6.9584,0.153275,-0.208598,-4.4742676,-2.9196242,0.8897993
Ni-Cu,2,1455,1085,1270,8.91,8.92,8.915,7.6,7.7,7.65,58.7,63.5,61.1,28.5,28,29,1.24,1.28,1.26,1.91,1.9,1.905,-184.83903,-0.008407,-0.0037033,0.639,0.104,2.739619927,3.3468,-12.68129422,5.759,0.59,-2.079,10.7463,0.455894,0.434919,-4.6306876,-2.5548242,1.3989443
Ni-Zn,2,1455,419.5,937.25,8.91,7.14,8.025,7.6,9.3,8.45,58.7,65.4,62.05,29,28,30,1.24,1.34,1.29,1.91,1.65,1.78,-182.7549,-0.017193,0.0034137,0.592,0.092,2.73935321,3.2957,-10.83167975,5.803,0.522,-2.102,10.4605,0.480888,0.227722,-3.9397376,-2.8330242,0.4247433
Ni-Ru,2,1455,2334,1894.5,8.91,12.37,10.64,7.6,7.3,7.45,58.7,101,79.85,36,28,44,1.24,1.34,1.29,1.91,2.2,2.055,-189.91076,-0.0173333,-0.040047,0.684,0.108,2.739281049,3.5431,-15.91759893,5.707,1.767,-1.953,13.7575,0.546726,-0.169971,-3.8422876,-1.9338842,1.2495493
Ni-Rh,2,1455,1964,1709.5,8.91,12.45,10.68,7.6,7.4,7.5,58.7,102.9,80.8,36.5,28,45,1.24,1.34,1.29,1.91,2.28,2.095,-188.06977,-0.013699,-0.0476547,0.711,0.085,2.739575985,3.5039,-14.90073623,5.71,1.779,-2.01,7.6312,0.510727,-0.000808,-4.4085276,-2.5312142,1.1971873
Ni-Pd,2,1455,1555,1505,8.91,12.02,10.465,7.6,8.3,7.95,58.7,106.4,82.55,37,28,46,1.24,1.37,1.305,1.91,2.2,2.055,-185.17288,-0.018087,-0.010283,0.697,0.141,2.739971112,3.4834,-11.78986733,5.739,0.602,-2.078,11.0485,0.486751,0.108707,-4.9247276,-3.4478542,0.8118903
Ni-Os,2,1455,3033,2244,8.91,22.61,15.76,7.6,8.4,8,58.7,190.2,124.45,52,28,76,1.24,1.35,1.295,1.91,2.2,2.055,-191.75528,-0.0107607,-0.0186903,0.498,0.067,2.739280524,3.4633,-16.91790733,5.699,0.603,-2.034,10.2933,0.588094,-0.421003,-4.0316276,-3.0684542,0.4614751
Ni-Ir,2,1455,2466,1960.5,8.91,22.65,15.78,7.6,8.9,8.25,58.7,192.2,125.45,52.5,28,77,1.24,1.36,1.3,1.91,2.2,2.055,-189.5574,-0.021409,-0.0552023,0.693,0.111,2.739392184,3.4981,-16.07128133,5.721,0.559,-2.067,13.751,0.418599,-0.232317,-4.5261476,-3.0788742,0.7741931
Cu-Zn,2,1085,419.5,752.25,8.92,7.14,8.03,7.7,9.3,8.5,63.5,65.4,64.45,29.5,29,30,1.28,1.34,1.31,1.9,1.65,1.775,-181.17227,-0.0014533,-0.003403,0.007,0.009,2.739293279,3.2852,-9.73708211,5.819,1.952,-1.976,8.6926,0.481058,0.220464,-4.9284976,-2.9702242,1.2917753
Cu-Ru,2,1085,2334,1709.5,8.92,12.37,10.645,7.7,7.3,7.5,63.5,101,82.25,36.5,29,44,1.28,1.34,1.31,1.9,2.2,2.05,-187.96067,-0.0054413,-0.0416923,0.027,0.029,2.739288474,3.5155,-14.45554129,5.733,1.78,-1.968,11.8946,0.54777,-0.172522,-3.8065676,-3.3402542,0.6403753
Cu-Rh,2,1085,1964,1524.5,8.92,12.45,10.685,7.7,7.4,7.55,63.5,102.9,83.2,37,29,45,1.28,1.34,1.31,1.9,2.28,2.09,-186.31547,0.001555,-0.072705,0.021,-0.008,2.739450596,3.469,-13.63446859,5.741,1.781,-1.993,5.678,0.519329,0.000853,-4.4055476,-3.3490242,0.6787563
Cu-Pd,2,1085,1555,1320,8.92,12.02,10.47,7.7,8.3,8,63.5,106.4,84.95,37.5,29,46,1.28,1.37,1.325,1.9,2.2,2.05,-184.76706,-0.0021877,-0.0130437,-0.005,0.04,2.739689559,3.466,-11.87207969,5.759,0.611,-2.092,12.0636,0.495729,0.11049,-3.9907076,-2.3481442,0.9623683
Cu-Os,2,1085,3033,2059,8.92,22.61,15.765,7.7,8.4,8.05,63.5,190.2,126.85,52.5,29,76,1.28,1.35,1.315,1.9,2.2,2.05,-189.36138,-0.006537,-0.0335673,0.024,0.025,2.739334192,3.4681,-15.01203969,5.729,0.584,-2.084,11.6121,0.580436,-0.418935,-5.2928376,-3.4362742,1.1826423
Cu-Ir,2,1085,2466,1775.5,8.92,22.65,15.785,7.7,8.9,8.3,63.5,192.2,127.85,53,29,77,1.28,1.36,1.32,1.9,2.2,2.05,-187.79891,-0.0024317,-0.0631303,0,0.027,2.739376394,3.4613,-14.80082369,5.75,0.577,-2.085,6.5899,0.522119,-0.345991,-4.8350076,-3.3515042,0.8043973
Zn-Ru,2,419.5,2334,1376.75,7.14,12.37,9.755,9.3,7.3,8.3,65.4,101,83.2,37,30,44,1.34,1.34,1.34,1.65,2.2,1.925,-185.56788,0.0134623,-0.0485793,-0.007,0.016,2.739452565,3.4595,-12.29726682,5.781,1.638,-1.999,11.4385,0.336096,-0.124741,-5.3295176,-3.8806642,1.1977263
Zn-Rh,2,419.5,1964,1191.75,7.14,12.45,9.795,9.3,7.4,8.35,65.4,102.9,84.15,37.5,30,45,1.34,1.34,1.34,1.65,2.28,1.965,-184.85421,0.0115197,-0.038874,-0.007,0.045,2.739996407,3.4229,-12.40772412,5.805,1.684,-1.985,6.9419,0.304717,0.031574,-4.4015476,-2.6090542,1.1218533
Zn-Pd,2,419.5,1555,987.25,7.14,12.02,9.58,9.3,8.3,8.8,65.4,106.4,85.9,38,30,46,1.34,1.37,1.355,1.65,2.2,1.925,-182.02776,0.0192537,-0.0025497,-0.008,0.046,2.7403523,3.4132,-9.36729522,5.815,0.525,-2.119,12.1218,0.280042,0.136763,-5.3420576,-3.4428642,1.2342723
Zn-Os,2,419.5,3033,1726.25,7.14,22.61,14.875,9.3,8.4,8.85,65.4,190.2,127.8,53,30,76,1.34,1.35,1.345,1.65,2.2,1.925,-187.95105,0.0015293,-0.0418563,-0.005,0.02,2.739604802,3.413,-13.83622522,5.766,0.532,-2.13,5.5552,0.371061,-0.37256,-4.7598076,-2.9113642,1.1832723
Zn-Ir,2,419.5,2466,1442.75,7.14,22.65,14.895,9.3,8.9,9.1,65.4,192.2,128.8,53.5,30,77,1.34,1.36,1.35,1.65,2.2,1.925,-185.91641,-0.0003797,-0.0766627,-0.006,0.035,2.7399264,3.3974,-13.15283922,5.803,0.542,-2.115,9.0128,0.124985,-0.281624,-4.4349376,-3.2664542,0.5845353
Ru-Rh,2,2334,1964,2149,12.37,12.45,12.41,7.3,7.4,7.35,101,102.9,101.95,44.5,44,45,1.34,1.34,1.34,2.2,2.28,2.24,-191.6743,0.005911,-0.04144,-0.272,-0.037,2.739776633,3.6553,-17.1578733,5.707,1.498,-1.961,8.2511,-0.063215,0.07787,-4.3122676,-2.4812942,1.1596383
Ru-Pd,2,2334,1555,1944.5,12.37,12.02,12.195,7.3,8.3,7.8,101,106.4,103.7,45,44,46,1.34,1.37,1.355,2.2,2.2,2.2,-189.05721,0.014646,-0.0187473,0.009,0.029,2.740081276,3.6054,-14.3268044,5.709,1.83,-1.902,9.7444,-0.085364,0.194177,-4.8210176,-3.3982342,0.7614623
Ru-Os,2,2334,3033,2683.5,12.37,22.61,17.49,7.3,8.4,7.85,101,190.2,145.6,60,44,76,1.34,1.35,1.345,2.2,2.2,2.2,-195.52924,-0.028475,-0.0387377,-0.016,0.015,2.739309625,3.6345,-19.3444744,5.672,0.343,-2.059,11.549,0.006555,-0.321523,-3.3999276,-2.4962442,0.2322123
Ru-Ir,2,2334,2466,2400,12.37,22.65,17.51,7.3,8.9,8.1,101,192.2,146.6,60.5,44,77,1.34,1.36,1.35,2.2,2.2,2.2,-192.79267,0.0045907,-0.040267,-0.075,0.024,2.73969185,3.6083,-17.9591584,5.693,1.815,-1.898,9.5603,-0.174399,-0.324,-3.7618676,-2.8947042,0.2198613
Rh-Pd,2,1964,1555,1759.5,12.45,12.02,12.235,7.4,8.3,7.85,102.9,106.4,104.65,45.5,45,46,1.34,1.37,1.355,2.28,2.2,2.24,-187.70094,-0.032005,-0.0129967,0.273,0.086,2.739754182,3.6046,-13.7946617,5.73,1.799,-1.948,13.0648,0.082243,0.167098,-3.9990776,-2.9421442,0.9934851
Rh-Os,2,1964,3033,2498.5,12.45,22.61,17.53,7.4,8.4,7.9,102.9,190.2,146.55,60.5,45,76,1.34,1.35,1.345,2.28,2.2,2.24,-193.65736,-0.069685,-0.0389513,0.085,0.026,2.739259607,3.5802,-18.2967217,5.685,1.837,-1.907,5.752,0.164237,-0.354331,-3.7737076,-1.9686542,1.1252773
Rh-Ir,2,1964,2466,2215,12.45,22.65,17.55,7.4,8.9,8.15,102.9,192.2,147.55,61,45,77,1.34,1.36,1.35,2.28,2.2,2.24,-191.20193,-0.0222577,-0.0462817,0.221,0.079,2.739410055,3.5904,-17.1925457,5.713,1.804,-1.925,9.9113,-0.147301,-0.078686,-3.5520476,-2.9851942,0.3085153
Pd-Os,2,1555,3033,2294,12.02,22.61,17.315,8.3,8.4,8.35,106.4,190.2,148.3,61,46,76,1.37,1.35,1.36,2.2,2.2,2.2,-191.00607,-0.0305633,-0.0329503,0.013,0.014,2.739310963,3.5541,-15.4314528,5.702,0.594,-2.053,5.4641,0.270301,-0.37108,-3.8757976,-2.4662542,0.7333973
Pd-Ir,2,1555,2466,2010.5,12.02,22.65,17.335,8.3,8.9,8.6,106.4,192.2,149.3,61.5,46,77,1.37,1.36,1.365,2.2,2.2,2.2,-189.22584,-0.0179417,-0.0549417,0.032,0.033,2.739279376,3.5571,-15.0024768,5.721,0.595,-2.056,6.0749,0.229918,-0.360793,-3.9918276,-2.4786542,0.8302733
Os-Ir,2,3033,2466,2749.5,22.61,22.65,22.63,8.4,8.9,8.65,190.2,192.2,191.2,76.5,76,77,1.35,1.36,1.355,2.2,2.2,2.2,-195.1556,0.0156427,-0.0446697,-0.08,0.027,2.74002489,3.5886,-19.4778768,5.685,0.601,-2.032,6.7623,-0.386993,-0.375696,-3.7609876,-2.7951042,0.2971023
Sc-Ti,2,1541,1668,1604.5,2.99,4.51,3.75,6.5,6.8,6.65,44.9,47.9,46.4,21.5,21,22,1.62,1.47,1.545,1.36,1.54,1.45,-194.07132,0.040824,-0.002737,-0.048,0.023,2.739396411,3.5555,-18.2584203,5.801,1.147,-2.101,10.998,-0.272353,-0.201351,-5.2899976,-2.8778542,1.7498143
Sc-V,2,1541,1910,1725.5,2.99,6.11,4.55,6.5,6.7,6.6,44.9,50.9,47.9,22,21,23,1.62,1.34,1.48,1.36,1.63,1.495,-194.20008,0.0318763,-0.0048097,0.074,0.025,2.739234855,3.5033,-17.4954334,5.788,1.126,-2.085,10.0906,-0.297445,-0.032018,-5.3054976,-3.8348242,1.1450373
Sc-Cr,2,1541,1970,1755.5,2.99,7.14,5.065,6.5,7.4,6.95,44.9,52,48.45,22.5,21,24,1.62,1.28,1.45,1.36,1.66,1.51,-193.86659,0.0373393,-0.002034,0.024,0.033,2.739529815,3.499,-15.1359164,5.799,1.182,-2.085,13.9407,-0.323956,0.100893,-4.6288076,-3.0032242,0.9664413
Sc-Mn,2,1541,1246,1393.5,2.99,7.47,5.23,6.5,7.9,7.2,44.9,54.9,49.9,23,21,25,1.62,1.27,1.445,1.36,1.55,1.455,-194.49741,0.0403443,0.0016453,-0.026,0.114,2.739393796,3.4456,-16.0590214,5.826,1.241,-2.064,13.3108,-0.342003,0.167624,-3.8277876,-2.0019942,1.1596703
Sc-Fe,2,1541,1538,1539.5,2.99,7.87,5.43,6.5,7.8,7.15,44.9,55.8,50.35,23.5,21,26,1.62,1.26,1.44,1.36,1.83,1.595,-193.50218,0.0375123,-0.0527267,-0.008,0.016,2.739658666,3.3776,-16.9142611,5.797,0.266,-2.175,8.3981,-0.363954,0.401164,-4.3400576,-2.3667542,1.3145693
Sc-Ni,2,1541,1455,1498,2.99,8.91,5.95,6.5,7.6,7.05,44.9,58.7,51.8,24.5,21,28,1.62,1.24,1.43,1.36,1.91,1.635,-190.27344,0.0470497,-0.035061,-0.032,0.076,2.740790809,3.4028,-16.24115993,5.822,0.286,-2.127,10.3157,-0.394005,0.534137,-4.4534476,-3.4045842,0.7158073
Sc-Cu,2,1541,1085,1313,2.99,8.92,5.955,6.5,7.7,7.1,44.9,63.5,54.2,25,21,29,1.62,1.28,1.45,1.36,1.9,1.63,-189.24664,0.0372427,-0.007542,0.001,0.008,2.740361763,3.3986,-15.70239229,5.844,0.217,-2.181,2.7697,-0.406477,0.523308,-3.9885276,-2.8974842,0.6067661
Sc-Zn,2,1541,419.5,980.25,2.99,7.14,5.065,6.5,9.3,7.9,44.9,65.4,55.15,25.5,21,30,1.62,1.34,1.48,1.36,1.65,1.505,-187.13992,0.003969,-0.010304,-0.002,0.014,2.739880427,3.3281,-13.83018782,5.864,1.637,-2.01,6.0319,-0.374897,0.331645,-4.3308776,-2.4377142,1.2443403
Sc-Ru,2,1541,2334,1937.5,2.99,12.37,7.68,6.5,7.3,6.9,44.9,101,72.95,32.5,21,44,1.62,1.34,1.48,1.36,2.2,1.78,-193.70444,0.0356443,-0.026986,-0.017,0.017,2.739564295,3.5311,-18.324767,5.79,1.327,-2.022,9.0232,-0.300759,-0.01936,-4.5216876,-3.3405942,0.6468243
Sc-Rh,2,1541,1964,1752.5,2.99,12.45,7.72,6.5,7.4,6.95,44.9,102.9,73.9,33,21,45,1.62,1.34,1.48,1.36,2.28,1.82,-192.16467,0.0531473,-0.0394993,-0.022,0.058,2.74014651,3.5303,-17.6091243,5.803,1.298,-2.025,6.9179,-0.337877,0.131277,-3.9940276,-3.3377542,0.6500953
Sc-Pd,2,1541,1555,1548,2.99,12.02,7.505,6.5,8.3,7.4,44.9,106.4,75.65,33.5,21,46,1.62,1.37,1.495,1.36,2.2,1.78,-190.60788,0.0406107,-0.0224373,-0.012,0.017,2.740680994,3.5096,-15.8383554,5.807,0.221,-2.174,8.9645,-0.368273,0.225736,-3.9371876,-2.7747642,0.7728421
Sc-Os,2,1541,3033,2287,2.99,22.61,12.8,6.5,8.4,7.45,44.9,190.2,117.55,48.5,21,76,1.62,1.35,1.485,1.36,2.2,1.78,-195.906,0.0193103,-0.010941,-0.012,0.016,2.739777809,3.4682,-19.6821154,5.786,0.303,-2.158,5.7275,-0.254951,-0.268723,-3.9913876,-3.0342442,0.3596361
Sc-Ir,2,1541,2466,2003.5,2.99,22.65,12.82,6.5,8.9,7.7,44.9,192.2,118.55,49,21,77,1.62,1.36,1.49,1.36,2.2,1.78,-194.08782,0.030333,-0.0443287,-0.012,0.048,2.739830776,3.4987,-19.2151894,5.801,0.304,-2.132,3.2867,-0.486278,-0.190915,-3.8770976,-2.5420142,0.6914331
Ti-V,2,1668,1910,1789,4.51,6.11,5.31,6.8,6.7,6.75,47.9,50.9,49.4,22.5,22,23,1.47,1.34,1.405,1.54,1.63,1.585,-196.88914,-0.013626,0.0366847,0.518,0.024,2.739257175,3.6049,-19.7933157,5.737,1.101,-2.077,11.8178,0.003933,-0.214534,-3.9188776,-2.8853142,0.5702711
Ti-Cr,2,1668,1970,1819,4.51,7.14,5.825,6.8,7.4,7.1,47.9,52,49.95,23,22,24,1.47,1.28,1.375,1.54,1.66,1.6,-195.4113,-0.0516133,0.0033207,2.405,0.042,2.739413891,3.5727,-16.2894487,5.749,1.11,-2.073,13.7394,0.147005,-0.247847,-4.5795176,-3.2190642,0.6936433
Ti-Mn,2,1668,1246,1457,4.51,7.47,5.99,6.8,7.9,7.35,47.9,54.9,51.4,23.5,22,25,1.47,1.27,1.37,1.54,1.55,1.545,-195.14053,-0.0145603,0.0147923,3.426,0.129,2.739392696,3.5346,-16.3109637,5.768,1.233,-2.073,12.7732,0.214705,-0.262401,-3.8818276,-2.3600942,0.8565803
Ti-Fe,2,1668,1538,1603,4.51,7.87,6.19,6.8,7.8,7.3,47.9,55.8,51.85,24,22,26,1.47,1.26,1.365,1.54,1.83,1.685,-193.92815,0.0150237,0.0281677,2.835,0.165,2.73948349,3.4563,-16.9490534,5.763,0.219,-2.144,12.3425,0.335648,-0.277069,-5.4146776,-3.4184942,1.3259793
Ti-Ni,2,1668,1455,1561.5,4.51,8.91,6.71,6.8,7.6,7.2,47.9,58.7,53.3,25,22,28,1.47,1.24,1.355,1.54,1.91,1.725,-192.15097,-0.0090137,-0.0014963,0.424,0.051,2.739475954,3.5004,-17.72751223,5.758,0.167,-2.172,4.2133,0.584659,-0.321858,-4.4269676,-2.7210442,1.0510053
Ti-Cu,2,1668,1085,1376.5,4.51,8.92,6.715,6.8,7.7,7.25,47.9,63.5,55.7,25.5,22,29,1.47,1.28,1.375,1.54,1.9,1.72,-189.17837,-0.0007053,0.0150283,-0.005,0.032,2.739664706,3.449,-15.24294459,5.792,1.64,-1.996,5.5597,0.56705,-0.324107,-5.8654776,-4.2836842,1.5943563
Ti-Zn,2,1668,419.5,1043.75,4.51,7.14,5.825,6.8,9.3,8.05,47.9,65.4,56.65,26,22,30,1.47,1.34,1.405,1.54,1.65,1.595,-187.57237,0.0012397,-0.008048,-0.005,0.03,2.739542429,3.4101,-13.87146012,5.812,1.588,-2.012,5.5973,0.241399,-0.576615,-5.3211676,-3.7426842,1.0521663
Ti-Ru,2,1668,2334,2001,4.51,12.37,8.44,6.8,7.3,7.05,47.9,101,74.45,33,22,44,1.47,1.34,1.405,1.54,2.2,1.87,-195.17697,-0.031587,0.0104637,-0.018,0.026,2.739649367,3.625,-19.4061193,5.735,1.259,-2.018,8.3894,-0.006618,-0.234161,-3.7966476,-3.0022042,0.5550271
Ti-Rh,2,1668,1964,1816,4.51,12.45,8.48,6.8,7.4,7.1,47.9,102.9,75.4,33.5,22,45,1.47,1.34,1.405,1.54,2.28,1.91,-193.77625,-0.028788,0.031516,0.08,0.038,2.739755885,3.6212,-18.8295266,5.747,1.24,-2.005,5.631,0.157849,-0.263356,-4.5390576,-2.4970342,1.3976893
Ti-Pd,2,1668,1555,1611.5,4.51,12.02,8.265,6.8,8.3,7.55,47.9,106.4,77.15,34,22,46,1.47,1.37,1.42,1.54,2.2,1.87,-191.85332,-0.0310447,0.0437377,0.059,0.044,2.740429033,3.6097,-16.6926177,5.758,0.202,-2.164,11.5878,0.254037,-0.293165,-3.9155876,-1.5889742,1.6820423
Ti-Os,2,1668,3033,2350.5,4.51,22.61,13.56,6.8,8.4,7.6,47.9,190.2,119.05,49,22,76,1.47,1.35,1.41,1.54,2.2,1.87,-197.47389,-0.005862,0.0217797,-0.014,0.021,2.739467681,3.5981,-20.8588277,5.732,0.197,-2.144,11.3722,-0.241964,-0.18349,-4.3001876,-2.7235442,0.9280313
Ti-Ir,2,1668,2466,2067,4.51,22.65,13.58,6.8,8.9,7.85,47.9,192.2,120.05,49.5,22,77,1.47,1.36,1.415,1.54,2.2,1.87,-194.92778,-0.0524683,0.0274753,0.039,0.028,2.739570252,3.606,-19.6639717,5.748,0.246,-2.125,11.577,-0.091057,-0.219666,-4.8487976,-2.3575342,1.8466143
V-Cr,2,1910,1970,1940,6.11,7.14,6.625,6.7,7.4,7.05,50.9,52,51.45,23.5,23,24,1.34,1.28,1.31,1.63,1.66,1.645,-195.19865,-0.0010597,0.00027,-0.91,0.021,2.739342376,3.5272,-15.1850518,5.716,1.141,-2.034,10.4008,-0.044105,0.103143,-5.2179276,-3.8522042,1.1668373
V-Mn,2,1910,1246,1578,6.11,7.47,6.79,6.7,7.9,7.3,50.9,54.9,52.9,24,23,25,1.34,1.27,1.305,1.63,1.55,1.59,-195.91867,0.0100537,0.0085373,-1.162,0.107,2.739545737,3.4991,-16.1973568,5.751,1.201,-2.019,12.0297,-0.063545,0.166898,-4.3550576,-3.0069242,1.2100511
V-Fe,2,1910,1538,1724,6.11,7.87,6.99,6.7,7.8,7.25,50.9,55.8,53.35,24.5,23,26,1.34,1.26,1.3,1.63,1.83,1.73,-194.06108,-0.0141073,0.0144217,-1.091,0.139,2.740129075,3.4736,-16.1902365,5.741,0.188,-2.164,14.3617,-0.092507,0.388427,-4.6875376,-3.8488442,1.1584063
V-Ni,2,1910,1455,1682.5,6.11,8.91,7.51,6.7,7.6,7.15,50.9,58.7,54.8,25.5,23,28,1.34,1.24,1.29,1.63,1.91,1.77,-191.03661,-0.0176087,-0.0189743,-0.219,0.058,2.740945555,3.5109,-15.72140533,5.701,1.611,-1.981,12.4184,-0.117409,0.528351,-4.6840276,-3.8508642,1.1595653
V-Cu,2,1910,1085,1497.5,6.11,8.92,7.515,6.7,7.7,7.2,50.9,63.5,57.2,26,23,29,1.34,1.28,1.31,1.63,1.9,1.765,-189.41013,-0.0328523,-0.001567,0.542,-0.006,2.740874668,3.4716,-14.58295769,5.721,1.565,-2.004,3.2034,-0.129148,0.52374,-5.1796676,-3.8417942,1.1404223
V-Zn,2,1910,419.5,1164.75,6.11,7.14,6.625,6.7,9.3,8,50.9,65.4,58.15,26.5,23,30,1.34,1.34,1.34,1.63,1.65,1.64,-187.77964,-0.039739,0.0035063,1.042,0.021,2.740096838,3.423,-13.18698322,5.754,1.511,-2.013,3.9972,-0.098183,0.325894,-4.5689376,-3.3838942,0.6845333
V-Ru,2,1910,2334,2122,6.11,12.37,9.24,6.7,7.3,7,50.9,101,75.95,33.5,23,44,1.34,1.34,1.34,1.63,2.2,1.915,-195.54211,-0.0211147,-0.0161327,-0.109,0.028,2.608452972,3.616,-18.8795124,5.683,1.284,-1.984,8.8219,-0.031049,-0.070444,-3.8515776,-2.0812042,1.1079433
V-Rh,2,1910,1964,1937,6.11,12.45,9.28,6.7,7.4,7.05,50.9,102.9,76.9,34,23,45,1.34,1.34,1.34,1.63,2.28,1.955,-193.79023,0.0173893,-0.0536127,-0.365,0.027,2.740982647,3.5955,-17.9517597,5.681,1.178,-2.028,0.2031,-0.064117,0.091145,-3.4362376,-2.3962342,0.9802561
V-Pd,2,1910,1555,1732.5,6.11,12.02,9.065,6.7,8.3,7.5,50.9,106.4,78.65,34.5,23,46,1.34,1.37,1.355,1.63,2.2,1.915,-191.15253,-0.0048753,0.0031187,0.33,0.019,2.741721257,3.5812,-15.1000808,5.697,1.686,-1.965,9.2708,-0.090264,0.196544,-4.2109576,-3.3841242,0.6900733
V-Os,2,1910,3033,2471.5,6.11,22.61,14.36,6.7,8.4,7.55,50.9,190.2,120.55,49.5,23,76,1.34,1.35,1.345,1.63,2.2,1.915,-197.03373,0.0016647,0.0032847,0.085,0.014,2.741094488,3.5888,-19.5269208,5.679,0.112,-2.192,11.4735,0.016944,-0.319377,-4.7965776,-2.9265142,1.2116673
V-Ir,2,1910,2466,2188,6.11,22.65,14.38,6.7,8.9,7.8,50.9,192.2,121.55,50,23,77,1.34,1.36,1.35,1.63,2.2,1.915,-194.39888,0.0060737,-0.031482,-0.054,0.034,2.74069233,3.5718,-18.2433248,5.697,0.245,-2.098,9.5373,-0.209136,-0.372996,-5.2427076,-3.7668442,1.0678163
Cr-Mn,2,1970,1246,1608,7.14,7.47,7.305,7.4,7.9,7.65,52,54.9,53.45,24.5,24,25,1.28,1.27,1.275,1.66,1.55,1.605,-194.31635,-0.0228007,-0.0111513,2.545,0.102,2.739447836,3.4887,-12.5690098,5.736,1.296,-2.016,9.7876,0.079105,0.133771,-4.4556476,-3.3163442,0.6255273
Cr-Fe,2,1970,1538,1754,7.14,7.87,7.505,7.4,7.8,7.6,52,55.8,53.9,25,24,26,1.28,1.26,1.27,1.66,1.83,1.745,-193.3315,-0.0267457,0.0077043,2.389,0.129,2.739711616,3.4167,-13.4346295,5.74,0.211,-2.151,8.9227,0.069864,0.244487,-4.3703376,-2.5059042,1.2120783
Cr-Ni,2,1970,1455,1712.5,7.14,8.91,8.025,7.4,7.6,7.5,52,58.7,55.35,26,24,28,1.28,1.24,1.26,1.66,1.91,1.785,-190.93062,-0.0145993,-0.0157603,2.552,0.056,2.740801699,3.4403,-13.58938833,5.731,0.254,-2.109,12.9282,0.024163,0.494692,-3.6564876,-2.0839142,0.9125283
Cr-Cu,2,1970,1085,1527.5,7.14,8.92,8.03,7.4,7.7,7.55,52,63.5,57.75,26.5,24,29,1.28,1.28,1.28,1.66,1.9,1.78,-188.96469,-0.0138267,-0.0091627,2.587,0.001,2.740010364,3.4597,-12.11149069,5.754,1.661,-1.991,2.4583,0.028668,0.503127,-4.8042276,-2.9010242,1.2429983
Cr-Zn,2,1970,419.5,1194.75,7.14,7.14,7.14,7.4,9.3,8.35,52,65.4,58.7,27,24,30,1.28,1.34,1.31,1.66,1.65,1.655,-187.43168,-0.033536,-0.0012797,2.717,0.011,2.739762955,3.4072,-10.81299622,5.796,1.578,-2.017,2.4926,0.040348,0.292741,-4.1195276,-3.0675042,0.3974553
Cr-Ru,2,1970,2334,2152,7.14,12.37,9.755,7.4,7.3,7.35,52,101,76.5,34,24,44,1.28,1.34,1.31,1.66,2.2,1.93,-194.07358,0.006599,-0.02546,2.405,-0.015,2.740068501,3.5741,-15.3849554,5.697,1.327,-1.996,11.1275,0.116203,-0.095725,-4.4625576,-3.3607842,0.6739303
Cr-Rh,2,1970,1964,1967,7.14,12.45,9.795,7.4,7.4,7.4,52,102.9,77.45,34.5,24,45,1.28,1.34,1.31,1.66,2.28,1.97,-192.75747,0.0147323,-0.054556,2.552,0.025,2.740292867,3.5696,-14.8929727,5.722,1.295,-2.004,9.2969,0.083678,0.063242,-4.3619276,-2.9219842,1.0798641
Cr-Pd,2,1970,1555,1762.5,7.14,12.02,9.58,7.4,8.3,7.85,52,106.4,79.2,35,24,46,1.28,1.37,1.325,1.66,2.2,1.93,-189.69563,-0.0941223,-0.021712,2.633,-0.007,2.740992463,3.5482,-11.6171538,5.728,0.268,-2.125,11.6154,0.051208,0.174541,-5.2878276,-3.8823142,1.1924753
Cr-Os,2,1970,3033,2501.5,7.14,22.61,14.875,7.4,8.4,7.9,52,190.2,121.1,50,24,76,1.28,1.35,1.315,1.66,2.2,1.93,-196.38024,-0.003746,-0.0125067,2.368,-0.008,2.739496983,3.5256,-16.8474038,5.693,0.276,-2.097,10.8865,0.154794,-0.343747,-4.5405676,-2.1142342,1.7553793
Cr-Ir,2,1970,2466,2218,7.14,22.65,14.895,7.4,8.9,8.15,52,192.2,122.1,50.5,24,77,1.28,1.36,1.32,1.66,2.2,1.93,-194.1718,0.009035,-0.0574627,2.521,0.017,2.740023461,3.5517,-15.9902178,5.716,0.246,-2.104,9.0701,-0.077874,-0.27794,-2.8407476,-2.4852942,0.3215301
Mn-Fe,2,1246,1538,1392,7.47,7.87,7.67,7.9,7.8,7.85,54.9,55.8,55.35,25.5,25,26,1.27,1.26,1.265,1.55,1.83,1.69,-193.61601,-0.0046083,-0.0033157,3.602,0.232,2.739696583,3.4021,-14.0114245,5.775,0.254,-2.162,14.4843,0.132271,0.218438,-4.0039176,-2.4485842,0.8821683
Mn-Ni,2,1246,1455,1350.5,7.47,8.91,8.19,7.9,7.6,7.75,54.9,58.7,56.8,26.5,25,28,1.27,1.24,1.255,1.55,1.91,1.73,-190.72888,-0.009707,-0.0216803,3.679,0.173,2.740465874,3.4321,-13.67993333,5.76,1.743,-1.98,12.1793,0.087141,0.469073,-4.0246576,-2.0797242,1.2760723
Mn-Cu,2,1246,1085,1165.5,7.47,8.92,8.195,7.9,7.7,7.8,54.9,63.5,59.2,27,25,29,1.27,1.28,1.275,1.55,1.9,1.725,-189.1734,-0.0157863,-0.002867,3.707,0.083,2.740297943,3.3944,-12.61248569,5.779,1.773,-1.962,7.1745,0.071352,0.476708,-4.5278376,-2.9007242,0.9600853
Mn-Zn,2,1246,419.5,832.75,7.47,7.14,7.305,7.9,9.3,8.6,54.9,65.4,60.15,27.5,25,30,1.27,1.34,1.305,1.55,1.65,1.6,-187.23321,-0.0111867,-0.0022597,3.711,0.109,2.739571794,3.3777,-10.90681122,5.815,1.594,-2.025,4.3218,0.099719,0.27996,-4.5427076,-1.7665642,2.1079233
Mn-Ru,2,1246,2334,1790,7.47,12.37,9.92,7.9,7.3,7.6,54.9,101,77.95,34.5,25,44,1.27,1.34,1.305,1.55,2.2,1.875,-193.76255,-0.0057803,-0.0440437,3.549,0.081,2.739536533,3.5707,-15.3662104,5.729,1.394,-1.998,15.5609,0.178711,-0.103881,-4.9223976,-2.9786842,1.2759533
Mn-Rh,2,1246,1964,1605,7.47,12.45,9.96,7.9,7.4,7.65,54.9,102.9,78.9,35,25,45,1.27,1.34,1.305,1.55,2.28,1.915,-192.42456,-0.0110643,-0.0354317,3.692,0.131,2.740358568,3.526,-14.8523477,5.746,1.403,-2.006,13.7427,0.142466,0.054334,-3.5961176,-2.9143442,1.5597351
Mn-Pd,2,1246,1555,1400.5,7.47,12.02,9.745,7.9,8.3,8.1,54.9,106.4,80.65,35.5,25,46,1.27,1.37,1.32,1.55,2.2,1.875,-190.41789,-0.0086493,-0.0063593,3.761,0.126,2.740776604,3.5301,-12.6316988,5.752,1.744,-1.981,10.8131,0.11267,0.156337,-3.9863476,-2.9354042,0.5228521
Mn-Os,2,1246,3033,2139.5,7.47,22.61,15.04,7.9,8.4,8.15,54.9,190.2,122.55,50.5,25,76,1.27,1.35,1.31,1.55,2.2,1.875,-196.07465,0.0045723,-0.020152,3.495,0.082,2.739673221,3.5152,-16.8340988,5.722,0.281,-2.122,10.0199,0.218517,-0.356724,-4.4362376,-2.9171942,0.8476813
Mn-Ir,2,1246,2466,1856,7.47,22.65,15.06,7.9,8.9,8.4,54.9,192.2,123.55,51,25,77,1.27,1.36,1.315,1.55,2.2,1.875,-193.93377,0.0020333,-0.0677227,3.65,0.122,2.740003397,3.5196,-16.0444728,5.745,0.276,-2.107,11.1087,0.093857,-0.212196,-4.4313876,-2.9202542,0.8503693
Fe-Ni,2,1538,1455,1496.5,7.87,8.91,8.39,7.8,7.6,7.7,55.8,58.7,57.25,27,26,28,1.26,1.24,1.25,1.83,1.91,1.87,-188.51447,0.019021,0.0165873,3.18,0.279,2.740460491,3.3828,-13.31599303,5.746,0.579,-2.08,12.5093,0.326385,0.451866,-5.5830276,-3.1392742,1.7826583
Fe-Cu,2,1538,1085,1311.5,7.87,8.92,8.395,7.8,7.7,7.75,55.8,63.5,59.65,27.5,26,29,1.26,1.28,1.27,1.83,1.9,1.865,-187.964,-0.0106127,-0.006102,3.22,0.209,2.740440936,3.3319,-13.25355539,5.773,0.564,-2.094,13.9938,0.306348,0.45791,-4.3379376,-1.9006642,1.7672803
Fe-Zn,2,1538,419.5,978.75,7.87,7.14,7.505,7.8,9.3,8.55,55.8,65.4,60.6,28,26,30,1.26,1.34,1.3,1.83,1.65,1.74,-186.01174,-0.0305943,-0.0037657,3.144,0.21,2.739731158,3.3088,-11.53581092,5.804,0.484,-2.124,10.8381,0.201342,0.273413,-4.5265176,-2.1646042,1.6990203
Fe-Ru,2,1538,2334,1936,7.87,12.37,10.12,7.8,7.3,7.55,55.8,101,78.4,35,26,44,1.26,1.34,1.3,1.83,2.2,2.015,-192.95717,0.0127463,-0.049455,3.147,0.174,2.739707535,3.4849,-16.4113001,5.73,0.312,-2.079,14.0103,0.277789,-0.116703,-4.0790476,-3.0421642,0.4244641
Fe-Rh,2,1538,1964,1751,7.87,12.45,10.16,7.8,7.4,7.6,55.8,102.9,79.35,35.5,26,45,1.26,1.34,1.3,1.83,2.28,2.055,-191.41684,0.008061,-0.038736,3.21,0.237,2.74033805,3.4598,-15.6950974,5.742,1.788,-1.93,14.8181,0.235336,0.041431,-4.2229676,-2.4048342,2.8556211
Fe-Pd,2,1538,1555,1546.5,7.87,12.02,9.945,7.8,8.3,8.05,55.8,106.4,81.1,36,26,46,1.26,1.37,1.315,1.83,2.2,2.015,-189.26516,-0.0202907,-0.020775,3.213,0.236,2.741065674,3.4736,-13.3294385,5.748,0.583,-2.086,17.1476,0.209473,0.145993,-4.3152676,-2.0457142,1.9922541
Fe-Os,2,1538,3033,2285.5,7.87,22.61,15.24,7.8,8.4,8.1,55.8,190.2,123,51,26,76,1.26,1.35,1.305,1.83,2.2,2.015,-194.8728,-0.0016173,-0.0294537,3.068,0.159,2.739693671,3.4574,-17.4827185,5.715,0.586,-2.079,10.6484,0.322885,-0.368186,-4.5707276,-2.9791042,0.9230393
Fe-Ir,2,1538,2466,2002,7.87,22.65,15.26,7.8,8.9,8.35,55.8,192.2,124,51.5,26,77,1.26,1.36,1.31,1.83,2.2,2.015,-192.75399,-0.0045203,-0.0665633,0.038,0.027,2.740307877,3.4608,-16.7151625,5.698,0.576,-2.052,6.9558,0.253267,-0.369868,-4.1156976,-2.9872642,0.4618743
Ni-Cu,2,1455,1085,1270,8.91,8.92,8.915,7.6,7.7,7.65,58.7,63.5,61.1,28.5,28,29,1.24,1.28,1.26,1.91,1.9,1.905,-184.54985,-0.0016077,-0.0025987,0.641,0.108,2.739684496,3.3466,-12.39504422,5.758,0.587,-2.073,10.7522,0.454742,0.436161,-3.9340376,-3.3619342,0.6900083
Ni-Zn,2,1455,419.5,937.25,8.91,7.14,8.025,7.6,9.3,8.45,58.7,65.4,62.05,29,28,30,1.24,1.34,1.29,1.91,1.65,1.78,-182.75518,-0.0118747,0.0089427,0.588,0.095,2.739386808,3.3274,-10.83488975,5.8,0.491,-2.122,12.9193,0.480927,0.22654,-3.9297276,-3.3548042,0.6800703
Ni-Ru,2,1455,2334,1894.5,8.91,12.37,10.64,7.6,7.3,7.45,58.7,101,79.85,36,28,44,1.24,1.34,1.29,1.91,2.2,2.055,-189.47807,-0.018469,-0.0298513,0.683,0.111,2.739333325,3.5427,-15.48783893,5.705,1.749,-1.958,13.7527,0.548015,-0.165895,-4.4398276,-3.3605642,0.6623713
Ni-Rh,2,1455,1964,1709.5,8.91,12.45,10.68,7.6,7.4,7.5,58.7,102.9,80.8,36.5,28,45,1.24,1.34,1.29,1.91,2.28,2.095,-187.99811,-0.0215393,-0.0761293,0.767,0.105,2.739719979,3.4796,-14.83200623,5.72,1.81,-1.946,8.1787,0.510978,-0.002378,-3.6122476,-2.6741742,0.2444133
Ni-Pd,2,1455,1555,1505,8.91,12.02,10.465,7.6,8.3,7.95,58.7,106.4,82.55,37,28,46,1.24,1.37,1.305,1.91,2.2,2.055,-185.69675,-0.022677,-0.0032843,0.69,0.142,2.739942477,3.4669,-12.31666733,5.734,0.619,-2.073,7.9177,0.484545,0.112314,-3.9402876,-2.9264242,0.3399493
Ni-Os,2,1455,3033,2244,8.91,22.61,15.76,7.6,8.4,8,58.7,190.2,124.45,52,28,76,1.24,1.35,1.295,1.91,2.2,2.055,-191.75525,-0.002623,-0.0265293,0.499,0.073,2.739117906,3.4634,-16.92080733,5.701,0.604,-2.037,10.2974,0.588327,-0.421253,-4.2117276,-2.6284242,0.9338213
Ni-Ir,2,1455,2466,1960.5,8.91,22.65,15.78,7.6,8.9,8.25,58.7,192.2,125.45,52.5,28,77,1.24,1.36,1.3,1.91,2.2,2.055,-189.5573,-0.0242193,-0.0490707,0.715,0.131,2.739397284,3.4802,-16.07411133,5.72,0.584,-2.069,10.9458,0.376277,-0.305221,-4.0733276,-3.0764442,0.4112001
Cu-Zn,2,1085,419.5,752.25,8.92,7.14,8.03,7.7,9.3,8.5,63.5,65.4,64.45,29.5,29,30,1.28,1.34,1.31,1.9,1.65,1.775,-181.31968,-0.0072687,-0.0087443,-0.01,0.007,2.739261351,3.2717,-9.88742211,5.82,1.961,-1.973,5.5706,0.48168,0.219943,-4.8737476,-2.9005742,1.3026993
Cu-Ru,2,1085,2334,1709.5,8.92,12.37,10.645,7.7,7.3,7.5,63.5,101,82.25,36.5,29,44,1.28,1.34,1.31,1.9,2.2,2.05,-188.3851,0.0060127,-0.065788,0.025,0.031,2.739323341,3.4965,-14.88290129,5.734,1.739,-1.982,9.0415,0.545928,-0.165858,-4.5097976,-1.9589142,1.9038143
Cu-Rh,2,1085,1964,1524.5,8.92,12.45,10.685,7.7,7.4,7.55,63.5,102.9,83.2,37,29,45,1.28,1.34,1.31,1.9,2.28,2.09,-186.74011,0.0023553,-0.0903217,0.02,0.004,2.739471772,3.4625,-14.06203859,5.735,1.74,-1.981,0.163,0.519428,-0.001958,-4.0595676,-2.4633842,0.9089173
Cu-Pd,2,1085,1555,1320,8.92,12.02,10.47,7.7,8.3,8,63.5,106.4,84.95,37.5,29,46,1.28,1.37,1.325,1.9,2.2,2.05,-184.76696,-0.0011023,-0.0119167,-0.001,0.049,2.739653928,3.4462,-11.87490969,5.76,0.577,-2.094,9.2432,0.495615,0.108995,-3.9370076,-2.4971442,0.7624873
Cu-Os,2,1085,3033,2059,8.92,22.61,15.765,7.7,8.4,8.05,63.5,190.2,126.85,52.5,29,76,1.28,1.35,1.315,1.9,2.2,2.05,-190.30901,0.0037443,-0.068582,0.019,0.021,2.739224789,3.4366,-15.96259969,5.731,0.576,-2.071,9.1411,0.578473,-0.421417,-4.0149976,-2.4828542,0.8857913
Cu-Ir,2,1085,2466,1775.5,8.92,22.65,15.785,7.7,8.9,8.3,63.5,192.2,127.85,53,29,77,1.28,1.36,1.32,1.9,2.2,2.05,-187.79829,-0.0028963,-0.0639283,0,0.032,2.739376701,3.4607,-14.80313369,5.749,0.589,-2.081,6.5984,0.315098,-0.281117,-4.3541376,-2.9240042,0.7422373
Zn-Ru,2,419.5,2334,1376.75,7.14,12.37,9.755,9.3,7.3,8.3,65.4,101,83.2,37,30,44,1.34,1.34,1.34,1.65,2.2,1.925,-185.58783,0.0015643,-0.032805,-0.007,0.012,2.739529329,3.4596,-12.32014682,5.778,1.685,-1.995,11.4436,0.335579,-0.124039,-5.2829376,-3.3530542,1.2683903
Zn-Rh,2,419.5,1964,1191.75,7.14,12.45,9.795,9.3,7.4,8.35,65.4,102.9,84.15,37.5,30,45,1.34,1.34,1.34,1.65,2.28,1.965,-184.08615,0.0128387,-0.0493907,-0.009,0.039,2.739889785,3.4334,-11.64259412,5.805,1.7,-1.986,12.049,0.306311,0.032335,-4.9034776,-3.8017742,1.1158623
Zn-Pd,2,419.5,1555,987.25,7.14,12.02,9.58,9.3,8.3,8.8,65.4,106.4,85.9,38,30,46,1.34,1.37,1.355,1.65,2.2,1.925,-183.00984,0.007795,-0.0113253,-0.008,0.047,2.740444124,3.4134,-10.35230522,5.811,0.538,-2.11,12.146,0.275001,0.141638,-4.4408276,-2.9180842,0.8572573
Zn-Os,2,419.5,3033,1726.25,7.14,22.61,14.875,9.3,8.4,8.85,65.4,190.2,127.8,53,30,76,1.34,1.35,1.345,1.65,2.2,1.925,-187.95108,0.0005687,-0.0275407,-0.005,0.027,2.739103585,3.3905,-13.83918522,5.777,0.545,-2.107,2.7531,0.370611,-0.374527,-4.8990976,-2.7515142,1.5017103
Zn-Ir,2,419.5,2466,1442.75,7.14,22.65,14.895,9.3,8.9,9.1,65.4,192.2,128.8,53.5,30,77,1.34,1.36,1.35,1.65,2.2,1.925,-185.91644,-0.0004173,-0.042138,-0.005,0.044,2.739919577,3.417,-13.15579922,5.802,0.539,-2.107,6.0623,0.253883,-0.258904,-4.8225676,-3.2679442,0.8940543
Ru-Rh,2,2334,1964,2149,12.37,12.45,12.41,7.3,7.4,7.35,101,102.9,101.95,44.5,44,45,1.34,1.34,1.34,2.2,2.28,2.24,-191.61537,0.0027537,-0.053432,0.278,0.028,2.739766586,3.6243,-17.1018733,5.676,1.463,-1.958,0.7319,-0.067424,0.080583,-3.9790876,-2.5403442,0.7731723
Ru-Pd,2,2334,1555,1944.5,12.37,12.02,12.195,7.3,8.3,7.8,101,106.4,103.7,45,44,46,1.34,1.37,1.355,2.2,2.2,2.2,-189.05684,-0.0120113,-0.022953,0.003,0.024,2.74023313,3.5868,-14.3293644,5.71,1.819,-1.921,6.3687,-0.083866,0.193765,-4.7769176,-3.3988142,0.7221933
Ru-Os,2,2334,3033,2683.5,12.37,22.61,17.49,7.3,8.4,7.85,101,190.2,145.6,60,44,76,1.34,1.35,1.345,2.2,2.2,2.2,-195.52933,-0.001703,-0.0187027,-0.06,0.001,2.739385681,3.6049,-19.3474944,5.671,0.342,-2.054,8.965,0.00771,-0.319648,-4.2961276,-2.4939342,1.1183383
Ru-Ir,2,2334,2466,2400,12.37,22.65,17.51,7.3,8.9,8.1,101,192.2,146.6,60.5,44,77,1.34,1.36,1.35,2.2,2.2,2.2,-192.79254,-0.0046837,-0.0451517,-0.012,0.031,2.739833978,3.6387,-17.9619584,5.691,1.796,-1.919,12.1448,-0.233088,-0.134945,-4.6919376,-3.2979942,0.7162863
Rh-Pd,2,1964,1555,1759.5,12.45,12.02,12.235,7.4,8.3,7.85,102.9,106.4,104.65,45.5,45,46,1.34,1.37,1.355,2.28,2.2,2.24,-187.70082,-0.036338,-0.028625,0.217,0.059,2.739900168,3.6035,-13.7974717,5.725,1.803,-1.96,6.9182,0.082646,0.167924,-3.4151076,-2.9444242,0.2570973
Rh-Os,2,1964,3033,2498.5,12.45,22.61,17.53,7.4,8.4,7.9,102.9,190.2,146.55,60.5,45,76,1.34,1.35,1.345,2.28,2.2,2.24,-193.65713,-0.0529383,-0.036143,0.093,0.027,2.739256208,3.5565,-18.2994217,5.684,1.85,-1.901,2.9641,0.16328,-0.352788,-3.9102576,-1.9638142,1.2999403
Rh-Ir,2,1964,2466,2215,12.45,22.65,17.55,7.4,8.9,8.15,102.9,192.2,147.55,61,45,77,1.34,1.36,1.35,2.28,2.2,2.24,-190.37459,-0.0275557,-0.0441573,0.21,0.065,2.739477143,3.6089,-16.3681357,5.71,1.79,-1.937,12.8147,-0.012304,-0.186962,-5.0268276,-3.4721842,0.9014193
Pd-Os,2,1555,3033,2294,12.02,22.61,17.315,8.3,8.4,8.35,106.4,190.2,148.3,61,46,76,1.37,1.35,1.36,2.2,2.2,2.2,-191.42441,-0.0403767,-0.0520087,0.017,0.018,2.739189211,3.5328,-15.8527228,5.702,0.643,-2.043,2.6793,0.27151,-0.373611,-4.0970576,-2.0359342,1.4106273
Pd-Ir,2,1555,2466,2010.5,12.02,22.65,17.335,8.3,8.9,8.6,106.4,192.2,149.3,61.5,46,77,1.37,1.36,1.365,2.2,2.2,2.2,-189.22577,-0.0098473,-0.0830753,0.106,0.06,2.739276514,3.5711,-15.0053368,5.724,0.606,-2.054,9.679,0.234508,-0.189225,-4.3925276,-2.4752442,1.2722293
Os-Ir,2,3033,2466,2749.5,22.61,22.65,22.63,8.4,8.9,8.65,190.2,192.2,191.2,76.5,76,77,1.35,1.36,1.355,2.2,2.2,2.2,-194.70911,0.013963,-0.0409943,-0.077,0.033,2.740193439,3.5879,-19.0343168,5.684,0.595,-2.026,6.7688,-0.266828,-0.052354,-4.8080276,-3.2413542,0.8917443
